timestamp,x,y,label,session_id
1694350588.2414412,854,348,start,bb87c022-1f47-4b93-b78b-131265412d52
1694350588.2514439,854,348,path,bb87c022-1f47-4b93-b78b-131265412d52
1694350588.2534442,854,348,path,bb87c022-1f47-4b93-b78b-131265412d52
1694350588.2604456,854,349,path,bb87c022-1f47-4b93-b78b-131265412d52
1694350588.2694473,854,349,path,bb87c022-1f47-4b93-b78b-131265412d52
1694350588.2764492,855,350,path,bb87c022-1f47-4b93-b78b-131265412d52
1694350588.2814507,856,351,path,bb87c022-1f47-4b93-b78b-131265412d52
1694350588.2854514,856,351,path,bb87c022-1f47-4b93-b78b-131265412d52
1694350588.2864518,856,351,path,bb87c022-1f47-4b93-b78b-131265412d52
1694350588.2894518,857,351,path,bb87c022-1f47-4b93-b78b-131265412d52
1694350588.292453,857,352,path,bb87c022-1f47-4b93-b78b-131265412d52
1694350588.2934535,857,352,path,bb87c022-1f47-4b93-b78b-131265412d52
1694350588.296454,858,352,path,bb87c022-1f47-4b93-b78b-131265412d52
1694350588.297454,858,352,path,bb87c022-1f47-4b93-b78b-131265412d52
1694350588.2994545,858,352,path,bb87c022-1f47-4b93-b78b-131265412d52
1694350588.3024552,858,353,path,bb87c022-1f47-4b93-b78b-131265412d52
1694350588.303456,859,353,path,bb87c022-1f47-4b93-b78b-131265412d52
1694350588.306456,860,353,path,bb87c022-1f47-4b93-b78b-131265412d52
1694350588.3084564,860,353,path,bb87c022-1f47-4b93-b78b-131265412d52
1694350588.3104568,861,353,path,bb87c022-1f47-4b93-b78b-131265412d52
1694350588.3134582,861,353,path,bb87c022-1f47-4b93-b78b-131265412d52
1694350588.3144577,861,354,path,bb87c022-1f47-4b93-b78b-131265412d52
1694350588.3154585,862,354,path,bb87c022-1f47-4b93-b78b-131265412d52
1694350588.3184595,862,354,path,bb87c022-1f47-4b93-b78b-131265412d52
1694350588.3204594,862,355,path,bb87c022-1f47-4b93-b78b-131265412d52
1694350588.3214598,863,355,path,bb87c022-1f47-4b93-b78b-131265412d52
1694350588.32346,864,355,path,bb87c022-1f47-4b93-b78b-131265412d52
1694350588.327461,864,355,path,bb87c022-1f47-4b93-b78b-131265412d52
1694350588.3284607,865,355,path,bb87c022-1f47-4b93-b78b-131265412d52
1694350588.329461,865,355,path,bb87c022-1f47-4b93-b78b-131265412d52
1694350588.3314614,865,355,path,bb87c022-1f47-4b93-b78b-131265412d52
1694350588.3334622,866,356,path,bb87c022-1f47-4b93-b78b-131265412d52
1694350588.3354623,866,356,path,bb87c022-1f47-4b93-b78b-131265412d52
1694350588.3374624,867,356,path,bb87c022-1f47-4b93-b78b-131265412d52
1694350588.3384633,867,356,path,bb87c022-1f47-4b93-b78b-131265412d52
1694350588.3394637,867,356,path,bb87c022-1f47-4b93-b78b-131265412d52
1694350588.3404636,868,356,path,bb87c022-1f47-4b93-b78b-131265412d52
1694350588.3424642,869,357,path,bb87c022-1f47-4b93-b78b-131265412d52
1694350588.3434641,869,357,path,bb87c022-1f47-4b93-b78b-131265412d52
1694350588.3454652,870,357,path,bb87c022-1f47-4b93-b78b-131265412d52
1694350588.346465,870,357,path,bb87c022-1f47-4b93-b78b-131265412d52
1694350588.3474655,871,357,path,bb87c022-1f47-4b93-b78b-131265412d52
1694350588.3484662,871,358,path,bb87c022-1f47-4b93-b78b-131265412d52
1694350588.3494656,872,358,path,bb87c022-1f47-4b93-b78b-131265412d52
1694350588.3504658,873,358,path,bb87c022-1f47-4b93-b78b-131265412d52
1694350588.3514657,873,359,path,bb87c022-1f47-4b93-b78b-131265412d52
1694350588.3534663,874,359,path,bb87c022-1f47-4b93-b78b-131265412d52
1694350588.354467,874,359,path,bb87c022-1f47-4b93-b78b-131265412d52
1694350588.355467,876,360,path,bb87c022-1f47-4b93-b78b-131265412d52
1694350588.3564675,876,360,path,bb87c022-1f47-4b93-b78b-131265412d52
1694350588.3574674,877,360,path,bb87c022-1f47-4b93-b78b-131265412d52
1694350588.3584676,877,360,path,bb87c022-1f47-4b93-b78b-131265412d52
1694350588.3594677,878,361,path,bb87c022-1f47-4b93-b78b-131265412d52
1694350588.36047,879,362,path,bb87c022-1f47-4b93-b78b-131265412d52
1694350588.361468,880,362,path,bb87c022-1f47-4b93-b78b-131265412d52
1694350588.3624692,880,362,path,bb87c022-1f47-4b93-b78b-131265412d52
1694350588.363469,881,363,path,bb87c022-1f47-4b93-b78b-131265412d52
1694350588.3644688,882,363,path,bb87c022-1f47-4b93-b78b-131265412d52
1694350588.3654692,883,363,path,bb87c022-1f47-4b93-b78b-131265412d52
1694350588.3664691,884,364,path,bb87c022-1f47-4b93-b78b-131265412d52
1694350588.3674693,885,364,path,bb87c022-1f47-4b93-b78b-131265412d52
1694350588.3684695,886,364,path,bb87c022-1f47-4b93-b78b-131265412d52
1694350588.3694696,888,365,path,bb87c022-1f47-4b93-b78b-131265412d52
1694350588.37047,889,366,path,bb87c022-1f47-4b93-b78b-131265412d52
1694350588.37147,890,366,path,bb87c022-1f47-4b93-b78b-131265412d52
1694350588.3724704,891,367,path,bb87c022-1f47-4b93-b78b-131265412d52
1694350588.3734708,892,367,path,bb87c022-1f47-4b93-b78b-131265412d52
1694350588.374471,893,368,path,bb87c022-1f47-4b93-b78b-131265412d52
1694350588.3754716,894,368,path,bb87c022-1f47-4b93-b78b-131265412d52
1694350588.3764713,895,369,path,bb87c022-1f47-4b93-b78b-131265412d52
1694350588.3774717,897,370,path,bb87c022-1f47-4b93-b78b-131265412d52
1694350588.378472,897,370,path,bb87c022-1f47-4b93-b78b-131265412d52
1694350588.3794725,898,370,path,bb87c022-1f47-4b93-b78b-131265412d52
1694350588.3804724,900,371,path,bb87c022-1f47-4b93-b78b-131265412d52
1694350588.381473,901,372,path,bb87c022-1f47-4b93-b78b-131265412d52
1694350588.3824737,903,372,path,bb87c022-1f47-4b93-b78b-131265412d52
1694350588.383474,903,373,path,bb87c022-1f47-4b93-b78b-131265412d52
1694350588.3844771,904,373,path,bb87c022-1f47-4b93-b78b-131265412d52
1694350588.3854737,906,374,path,bb87c022-1f47-4b93-b78b-131265412d52
1694350588.3864763,907,375,path,bb87c022-1f47-4b93-b78b-131265412d52
1694350588.3874767,908,375,path,bb87c022-1f47-4b93-b78b-131265412d52
1694350588.388475,910,375,path,bb87c022-1f47-4b93-b78b-131265412d52
1694350588.3894744,912,377,path,bb87c022-1f47-4b93-b78b-131265412d52
1694350588.390475,913,378,path,bb87c022-1f47-4b93-b78b-131265412d52
1694350588.3914752,915,378,path,bb87c022-1f47-4b93-b78b-131265412d52
1694350588.3924751,916,379,path,bb87c022-1f47-4b93-b78b-131265412d52
1694350588.3934755,917,380,path,bb87c022-1f47-4b93-b78b-131265412d52
1694350588.3944757,918,380,path,bb87c022-1f47-4b93-b78b-131265412d52
1694350588.3954759,919,381,path,bb87c022-1f47-4b93-b78b-131265412d52
1694350588.3964763,921,382,path,bb87c022-1f47-4b93-b78b-131265412d52
1694350588.3974767,922,382,path,bb87c022-1f47-4b93-b78b-131265412d52
1694350588.3984766,923,383,path,bb87c022-1f47-4b93-b78b-131265412d52
1694350588.399477,925,383,path,bb87c022-1f47-4b93-b78b-131265412d52
1694350588.4004772,926,384,path,bb87c022-1f47-4b93-b78b-131265412d52
1694350588.4014773,927,384,path,bb87c022-1f47-4b93-b78b-131265412d52
1694350588.402478,928,385,path,bb87c022-1f47-4b93-b78b-131265412d52
1694350588.4034784,931,387,path,bb87c022-1f47-4b93-b78b-131265412d52
1694350588.4044795,932,387,path,bb87c022-1f47-4b93-b78b-131265412d52
1694350588.4054782,933,388,path,bb87c022-1f47-4b93-b78b-131265412d52
1694350588.4064786,934,389,path,bb87c022-1f47-4b93-b78b-131265412d52
1694350588.4074783,936,389,path,bb87c022-1f47-4b93-b78b-131265412d52
1694350588.4084792,937,390,path,bb87c022-1f47-4b93-b78b-131265412d52
1694350588.4094808,938,391,path,bb87c022-1f47-4b93-b78b-131265412d52
1694350588.4104805,940,391,path,bb87c022-1f47-4b93-b78b-131265412d52
1694350588.4114804,941,392,path,bb87c022-1f47-4b93-b78b-131265412d52
1694350588.4124796,942,393,path,bb87c022-1f47-4b93-b78b-131265412d52
1694350588.41348,943,393,path,bb87c022-1f47-4b93-b78b-131265412d52
1694350588.4144804,944,394,path,bb87c022-1f47-4b93-b78b-131265412d52
1694350588.4154806,946,395,path,bb87c022-1f47-4b93-b78b-131265412d52
1694350588.4164805,948,396,path,bb87c022-1f47-4b93-b78b-131265412d52
1694350588.417481,950,398,path,bb87c022-1f47-4b93-b78b-131265412d52
1694350588.418481,952,398,path,bb87c022-1f47-4b93-b78b-131265412d52
1694350588.4194834,953,399,path,bb87c022-1f47-4b93-b78b-131265412d52
1694350588.4204814,955,400,path,bb87c022-1f47-4b93-b78b-131265412d52
1694350588.4214826,957,401,path,bb87c022-1f47-4b93-b78b-131265412d52
1694350588.4224825,957,401,path,bb87c022-1f47-4b93-b78b-131265412d52
1694350588.4234827,958,402,path,bb87c022-1f47-4b93-b78b-131265412d52
1694350588.4244823,961,403,path,bb87c022-1f47-4b93-b78b-131265412d52
1694350588.4254825,962,404,path,bb87c022-1f47-4b93-b78b-131265412d52
1694350588.4264827,964,406,path,bb87c022-1f47-4b93-b78b-131265412d52
1694350588.4274833,966,406,path,bb87c022-1f47-4b93-b78b-131265412d52
1694350588.428483,967,407,path,bb87c022-1f47-4b93-b78b-131265412d52
1694350588.4294846,968,408,path,bb87c022-1f47-4b93-b78b-131265412d52
1694350588.4304843,973,410,path,bb87c022-1f47-4b93-b78b-131265412d52
1694350588.4314842,973,410,path,bb87c022-1f47-4b93-b78b-131265412d52
1694350588.4324844,975,412,path,bb87c022-1f47-4b93-b78b-131265412d52
1694350588.4334846,977,412,path,bb87c022-1f47-4b93-b78b-131265412d52
1694350588.4344845,981,415,path,bb87c022-1f47-4b93-b78b-131265412d52
1694350588.4354851,983,416,path,bb87c022-1f47-4b93-b78b-131265412d52
1694350588.436485,986,418,path,bb87c022-1f47-4b93-b78b-131265412d52
1694350588.437486,988,419,path,bb87c022-1f47-4b93-b78b-131265412d52
1694350588.438486,989,419,path,bb87c022-1f47-4b93-b78b-131265412d52
1694350588.4394858,991,421,path,bb87c022-1f47-4b93-b78b-131265412d52
1694350588.440486,996,423,path,bb87c022-1f47-4b93-b78b-131265412d52
1694350588.4414864,999,425,path,bb87c022-1f47-4b93-b78b-131265412d52
1694350588.4424865,1000,426,path,bb87c022-1f47-4b93-b78b-131265412d52
1694350588.4434867,1003,427,path,bb87c022-1f47-4b93-b78b-131265412d52
1694350588.444487,1007,429,path,bb87c022-1f47-4b93-b78b-131265412d52
1694350588.445487,1010,431,path,bb87c022-1f47-4b93-b78b-131265412d52
1694350588.4464872,1013,432,path,bb87c022-1f47-4b93-b78b-131265412d52
1694350588.4474876,1017,434,path,bb87c022-1f47-4b93-b78b-131265412d52
1694350588.4484878,1020,436,path,bb87c022-1f47-4b93-b78b-131265412d52
1694350588.4494886,1024,437,path,bb87c022-1f47-4b93-b78b-131265412d52
1694350588.4504886,1028,439,path,bb87c022-1f47-4b93-b78b-131265412d52
1694350588.4514887,1031,441,path,bb87c022-1f47-4b93-b78b-131265412d52
1694350588.4524894,1034,442,path,bb87c022-1f47-4b93-b78b-131265412d52
1694350588.4534903,1038,444,path,bb87c022-1f47-4b93-b78b-131265412d52
1694350588.4544897,1041,445,path,bb87c022-1f47-4b93-b78b-131265412d52
1694350588.4554896,1045,448,path,bb87c022-1f47-4b93-b78b-131265412d52
1694350588.4564912,1048,448,path,bb87c022-1f47-4b93-b78b-131265412d52
1694350588.4574902,1056,452,path,bb87c022-1f47-4b93-b78b-131265412d52
1694350588.4584906,1061,453,path,bb87c022-1f47-4b93-b78b-131265412d52
1694350588.4594908,1065,455,path,bb87c022-1f47-4b93-b78b-131265412d52
1694350588.4604905,1067,456,path,bb87c022-1f47-4b93-b78b-131265412d52
1694350588.4614909,1076,459,path,bb87c022-1f47-4b93-b78b-131265412d52
1694350588.4624908,1080,461,path,bb87c022-1f47-4b93-b78b-131265412d52
1694350588.4634914,1083,462,path,bb87c022-1f47-4b93-b78b-131265412d52
1694350588.4644918,1092,465,path,bb87c022-1f47-4b93-b78b-131265412d52
1694350588.4654918,1096,467,path,bb87c022-1f47-4b93-b78b-131265412d52
1694350588.4664917,1099,467,path,bb87c022-1f47-4b93-b78b-131265412d52
1694350588.4674923,1108,471,path,bb87c022-1f47-4b93-b78b-131265412d52
1694350588.4684923,1112,472,path,bb87c022-1f47-4b93-b78b-131265412d52
1694350588.4694927,1115,473,path,bb87c022-1f47-4b93-b78b-131265412d52
1694350588.4704924,1125,476,path,bb87c022-1f47-4b93-b78b-131265412d52
1694350588.4714928,1134,480,path,bb87c022-1f47-4b93-b78b-131265412d52
1694350588.4724932,1139,481,path,bb87c022-1f47-4b93-b78b-131265412d52
1694350588.4734936,1141,482,path,bb87c022-1f47-4b93-b78b-131265412d52
1694350588.4744935,1149,485,path,bb87c022-1f47-4b93-b78b-131265412d52
1694350588.4754937,1159,488,path,bb87c022-1f47-4b93-b78b-131265412d52
1694350588.4764938,1164,489,path,bb87c022-1f47-4b93-b78b-131265412d52
1694350588.477494,1166,490,path,bb87c022-1f47-4b93-b78b-131265412d52
1694350588.4784942,1175,493,path,bb87c022-1f47-4b93-b78b-131265412d52
1694350588.4794943,1183,495,path,bb87c022-1f47-4b93-b78b-131265412d52
1694350588.4804955,1189,497,path,bb87c022-1f47-4b93-b78b-131265412d52
1694350588.4814954,1191,497,path,bb87c022-1f47-4b93-b78b-131265412d52
1694350588.4824955,1198,499,path,bb87c022-1f47-4b93-b78b-131265412d52
1694350588.4834957,1209,503,path,bb87c022-1f47-4b93-b78b-131265412d52
1694350588.484496,1218,505,path,bb87c022-1f47-4b93-b78b-131265412d52
1694350588.4854972,1225,507,path,bb87c022-1f47-4b93-b78b-131265412d52
1694350588.4864967,1231,509,path,bb87c022-1f47-4b93-b78b-131265412d52
1694350588.4874985,1239,511,path,bb87c022-1f47-4b93-b78b-131265412d52
1694350588.4884973,1241,511,path,bb87c022-1f47-4b93-b78b-131265412d52
1694350588.489498,1248,513,path,bb87c022-1f47-4b93-b78b-131265412d52
1694350588.4904974,1259,517,path,bb87c022-1f47-4b93-b78b-131265412d52
1694350588.4914982,1264,517,path,bb87c022-1f47-4b93-b78b-131265412d52
1694350588.4924982,1272,519,path,bb87c022-1f47-4b93-b78b-131265412d52
1694350588.4934976,1275,520,path,bb87c022-1f47-4b93-b78b-131265412d52
1694350588.4944983,1283,522,path,bb87c022-1f47-4b93-b78b-131265412d52
1694350588.4954984,1293,524,path,bb87c022-1f47-4b93-b78b-131265412d52
1694350588.4964993,1301,526,path,bb87c022-1f47-4b93-b78b-131265412d52
1694350588.4974985,1308,529,path,bb87c022-1f47-4b93-b78b-131265412d52
1694350588.498499,1310,529,path,bb87c022-1f47-4b93-b78b-131265412d52
1694350588.499499,1318,531,path,bb87c022-1f47-4b93-b78b-131265412d52
1694350588.5004992,1327,533,path,bb87c022-1f47-4b93-b78b-131265412d52
1694350588.5015,1337,535,path,bb87c022-1f47-4b93-b78b-131265412d52
1694350588.5025,1341,537,path,bb87c022-1f47-4b93-b78b-131265412d52
1694350588.5035002,1344,538,path,bb87c022-1f47-4b93-b78b-131265412d52
1694350588.5045013,1353,540,path,bb87c022-1f47-4b93-b78b-131265412d52
1694350588.5055017,1362,542,path,bb87c022-1f47-4b93-b78b-131265412d52
1694350588.5065012,1372,544,path,bb87c022-1f47-4b93-b78b-131265412d52
1694350588.5075011,1376,545,path,bb87c022-1f47-4b93-b78b-131265412d52
1694350588.508501,1379,546,path,bb87c022-1f47-4b93-b78b-131265412d52
1694350588.5095022,1388,548,path,bb87c022-1f47-4b93-b78b-131265412d52
1694350588.5105028,1399,551,path,bb87c022-1f47-4b93-b78b-131265412d52
1694350588.511502,1407,553,path,bb87c022-1f47-4b93-b78b-131265412d52
1694350588.512502,1413,555,path,bb87c022-1f47-4b93-b78b-131265412d52
1694350588.5135067,1415,555,path,bb87c022-1f47-4b93-b78b-131265412d52
1694350588.5155125,1422,558,path,bb87c022-1f47-4b93-b78b-131265412d52
1694350588.5165029,1438,562,path,bb87c022-1f47-4b93-b78b-131265412d52
1694350588.517503,1439,563,path,bb87c022-1f47-4b93-b78b-131265412d52
1694350588.5185032,1448,565,path,bb87c022-1f47-4b93-b78b-131265412d52
1694350588.5195038,1457,567,path,bb87c022-1f47-4b93-b78b-131265412d52
1694350588.520504,1464,569,path,bb87c022-1f47-4b93-b78b-131265412d52
1694350588.521504,1465,569,path,bb87c022-1f47-4b93-b78b-131265412d52
1694350588.522504,1477,572,path,bb87c022-1f47-4b93-b78b-131265412d52
1694350588.5235045,1481,574,path,bb87c022-1f47-4b93-b78b-131265412d52
1694350588.5245047,1487,576,path,bb87c022-1f47-4b93-b78b-131265412d52
1694350588.5255053,1490,577,path,bb87c022-1f47-4b93-b78b-131265412d52
1694350588.5265055,1497,579,path,bb87c022-1f47-4b93-b78b-131265412d52
1694350588.5275073,1503,581,path,bb87c022-1f47-4b93-b78b-131265412d52
1694350588.5285053,1506,582,path,bb87c022-1f47-4b93-b78b-131265412d52
1694350588.5295055,1514,584,path,bb87c022-1f47-4b93-b78b-131265412d52
1694350588.5305057,1520,586,path,bb87c022-1f47-4b93-b78b-131265412d52
1694350588.5315058,1522,586,path,bb87c022-1f47-4b93-b78b-131265412d52
1694350588.5325065,1530,588,path,bb87c022-1f47-4b93-b78b-131265412d52
1694350588.5335064,1535,590,path,bb87c022-1f47-4b93-b78b-131265412d52
1694350588.5345078,1539,592,path,bb87c022-1f47-4b93-b78b-131265412d52
1694350588.5355077,1548,595,path,bb87c022-1f47-4b93-b78b-131265412d52
1694350588.5365076,1554,596,path,bb87c022-1f47-4b93-b78b-131265412d52
1694350588.5375073,1558,598,path,bb87c022-1f47-4b93-b78b-131265412d52
1694350588.5385077,1560,598,path,bb87c022-1f47-4b93-b78b-131265412d52
1694350588.5395083,1569,601,path,bb87c022-1f47-4b93-b78b-131265412d52
1694350588.5405092,1571,601,path,bb87c022-1f47-4b93-b78b-131265412d52
1694350588.5415084,1575,603,path,bb87c022-1f47-4b93-b78b-131265412d52
1694350588.5425093,1581,604,path,bb87c022-1f47-4b93-b78b-131265412d52
1694350588.5435095,1585,606,path,bb87c022-1f47-4b93-b78b-131265412d52
1694350588.5445094,1591,608,path,bb87c022-1f47-4b93-b78b-131265412d52
1694350588.54551,1592,608,path,bb87c022-1f47-4b93-b78b-131265412d52
1694350588.5465097,1596,609,path,bb87c022-1f47-4b93-b78b-131265412d52
1694350588.5475104,1599,610,path,bb87c022-1f47-4b93-b78b-131265412d52
1694350588.5485106,1604,612,path,bb87c022-1f47-4b93-b78b-131265412d52
1694350588.549511,1607,612,path,bb87c022-1f47-4b93-b78b-131265412d52
1694350588.5505118,1610,613,path,bb87c022-1f47-4b93-b78b-131265412d52
1694350588.5515108,1613,615,path,bb87c022-1f47-4b93-b78b-131265412d52
1694350588.552511,1622,617,path,bb87c022-1f47-4b93-b78b-131265412d52
1694350588.5535154,1625,618,path,bb87c022-1f47-4b93-b78b-131265412d52
1694350588.5545115,1629,619,path,bb87c022-1f47-4b93-b78b-131265412d52
1694350588.5555115,1631,619,path,bb87c022-1f47-4b93-b78b-131265412d52
1694350588.5565116,1634,620,path,bb87c022-1f47-4b93-b78b-131265412d52
1694350588.5575123,1637,621,path,bb87c022-1f47-4b93-b78b-131265412d52
1694350588.5585132,1640,622,path,bb87c022-1f47-4b93-b78b-131265412d52
1694350588.5595126,1641,622,path,bb87c022-1f47-4b93-b78b-131265412d52
1694350588.5605133,1644,623,path,bb87c022-1f47-4b93-b78b-131265412d52
1694350588.5615132,1651,625,path,bb87c022-1f47-4b93-b78b-131265412d52
1694350588.562513,1653,625,path,bb87c022-1f47-4b93-b78b-131265412d52
1694350588.5635135,1655,626,path,bb87c022-1f47-4b93-b78b-131265412d52
1694350588.5645144,1659,627,path,bb87c022-1f47-4b93-b78b-131265412d52
1694350588.565514,1662,628,path,bb87c022-1f47-4b93-b78b-131265412d52
1694350588.5665145,1665,628,path,bb87c022-1f47-4b93-b78b-131265412d52
1694350588.5675142,1666,628,path,bb87c022-1f47-4b93-b78b-131265412d52
1694350588.568515,1668,629,path,bb87c022-1f47-4b93-b78b-131265412d52
1694350588.5695145,1671,630,path,bb87c022-1f47-4b93-b78b-131265412d52
1694350588.5705147,1673,631,path,bb87c022-1f47-4b93-b78b-131265412d52
1694350588.5715153,1675,631,path,bb87c022-1f47-4b93-b78b-131265412d52
1694350588.5725152,1677,631,path,bb87c022-1f47-4b93-b78b-131265412d52
1694350588.573516,1679,631,path,bb87c022-1f47-4b93-b78b-131265412d52
1694350588.5745163,1681,632,path,bb87c022-1f47-4b93-b78b-131265412d52
1694350588.5755162,1683,632,path,bb87c022-1f47-4b93-b78b-131265412d52
1694350588.5765164,1686,633,path,bb87c022-1f47-4b93-b78b-131265412d52
1694350588.5775166,1687,633,path,bb87c022-1f47-4b93-b78b-131265412d52
1694350588.5785167,1689,633,path,bb87c022-1f47-4b93-b78b-131265412d52
1694350588.5795166,1691,633,path,bb87c022-1f47-4b93-b78b-131265412d52
1694350588.5805173,1692,633,path,bb87c022-1f47-4b93-b78b-131265412d52
1694350588.5815172,1693,634,path,bb87c022-1f47-4b93-b78b-131265412d52
1694350588.5825179,1695,634,path,bb87c022-1f47-4b93-b78b-131265412d52
1694350588.583518,1696,634,path,bb87c022-1f47-4b93-b78b-131265412d52
1694350588.584518,1697,635,path,bb87c022-1f47-4b93-b78b-131265412d52
1694350588.5855186,1699,635,path,bb87c022-1f47-4b93-b78b-131265412d52
1694350588.586519,1700,635,path,bb87c022-1f47-4b93-b78b-131265412d52
1694350588.5885189,1701,635,path,bb87c022-1f47-4b93-b78b-131265412d52
1694350588.5895193,1702,635,path,bb87c022-1f47-4b93-b78b-131265412d52
1694350588.59052,1704,635,path,bb87c022-1f47-4b93-b78b-131265412d52
1694350588.59152,1705,635,path,bb87c022-1f47-4b93-b78b-131265412d52
1694350588.5925202,1706,635,path,bb87c022-1f47-4b93-b78b-131265412d52
1694350588.5935235,1707,635,path,bb87c022-1f47-4b93-b78b-131265412d52
1694350588.5945203,1707,635,path,bb87c022-1f47-4b93-b78b-131265412d52
1694350588.5955205,1709,635,path,bb87c022-1f47-4b93-b78b-131265412d52
1694350588.5965207,1709,635,path,bb87c022-1f47-4b93-b78b-131265412d52
1694350588.597521,1710,635,path,bb87c022-1f47-4b93-b78b-131265412d52
1694350588.5985212,1710,635,path,bb87c022-1f47-4b93-b78b-131265412d52
1694350588.5995216,1711,635,path,bb87c022-1f47-4b93-b78b-131265412d52
1694350588.6005216,1712,635,path,bb87c022-1f47-4b93-b78b-131265412d52
1694350588.601522,1713,635,path,bb87c022-1f47-4b93-b78b-131265412d52
1694350588.6025229,1713,635,path,bb87c022-1f47-4b93-b78b-131265412d52
1694350588.6035223,1714,635,path,bb87c022-1f47-4b93-b78b-131265412d52
1694350588.6045227,1714,635,path,bb87c022-1f47-4b93-b78b-131265412d52
1694350588.605523,1715,635,path,bb87c022-1f47-4b93-b78b-131265412d52
1694350588.606523,1715,635,path,bb87c022-1f47-4b93-b78b-131265412d52
1694350588.6075234,1716,635,path,bb87c022-1f47-4b93-b78b-131265412d52
1694350588.6085236,1717,635,path,bb87c022-1f47-4b93-b78b-131265412d52
1694350588.609524,1718,635,path,bb87c022-1f47-4b93-b78b-131265412d52
1694350588.6115298,1718,635,path,bb87c022-1f47-4b93-b78b-131265412d52
1694350588.6125243,1719,635,path,bb87c022-1f47-4b93-b78b-131265412d52
1694350588.6135247,1720,635,path,bb87c022-1f47-4b93-b78b-131265412d52
1694350588.614525,1720,635,path,bb87c022-1f47-4b93-b78b-131265412d52
1694350588.6155245,1721,635,path,bb87c022-1f47-4b93-b78b-131265412d52
1694350588.6165261,1721,635,path,bb87c022-1f47-4b93-b78b-131265412d52
1694350588.6175258,1722,635,path,bb87c022-1f47-4b93-b78b-131265412d52
1694350588.6195264,1722,635,path,bb87c022-1f47-4b93-b78b-131265412d52
1694350588.6205263,1723,635,path,bb87c022-1f47-4b93-b78b-131265412d52
1694350588.6215265,1723,635,path,bb87c022-1f47-4b93-b78b-131265412d52
1694350588.6225266,1724,635,path,bb87c022-1f47-4b93-b78b-131265412d52
1694350588.6235275,1725,636,path,bb87c022-1f47-4b93-b78b-131265412d52
1694350588.6245275,1725,636,path,bb87c022-1f47-4b93-b78b-131265412d52
1694350588.6265275,1726,636,path,bb87c022-1f47-4b93-b78b-131265412d52
1694350588.6275277,1727,636,path,bb87c022-1f47-4b93-b78b-131265412d52
1694350588.6295283,1728,636,path,bb87c022-1f47-4b93-b78b-131265412d52
1694350588.6315284,1729,636,path,bb87c022-1f47-4b93-b78b-131265412d52
1694350588.6325285,1729,636,path,bb87c022-1f47-4b93-b78b-131265412d52
1694350588.6335292,1730,636,path,bb87c022-1f47-4b93-b78b-131265412d52
1694350588.6345294,1731,636,path,bb87c022-1f47-4b93-b78b-131265412d52
1694350588.6365297,1731,636,path,bb87c022-1f47-4b93-b78b-131265412d52
1694350588.63753,1732,636,path,bb87c022-1f47-4b93-b78b-131265412d52
1694350588.6385305,1732,636,path,bb87c022-1f47-4b93-b78b-131265412d52
1694350588.6405303,1733,636,path,bb87c022-1f47-4b93-b78b-131265412d52
1694350588.6425316,1734,636,path,bb87c022-1f47-4b93-b78b-131265412d52
1694350588.6445312,1735,636,path,bb87c022-1f47-4b93-b78b-131265412d52
1694350588.645532,1735,636,path,bb87c022-1f47-4b93-b78b-131265412d52
1694350588.646533,1736,636,path,bb87c022-1f47-4b93-b78b-131265412d52
1694350588.647532,1736,636,path,bb87c022-1f47-4b93-b78b-131265412d52
1694350588.6485324,1737,636,path,bb87c022-1f47-4b93-b78b-131265412d52
1694350588.650533,1737,637,path,bb87c022-1f47-4b93-b78b-131265412d52
1694350588.6515334,1738,637,path,bb87c022-1f47-4b93-b78b-131265412d52
1694350588.652534,1739,637,path,bb87c022-1f47-4b93-b78b-131265412d52
1694350588.6545339,1739,637,path,bb87c022-1f47-4b93-b78b-131265412d52
1694350588.655534,1740,637,path,bb87c022-1f47-4b93-b78b-131265412d52
1694350588.6565344,1740,637,path,bb87c022-1f47-4b93-b78b-131265412d52
1694350588.6585343,1741,637,path,bb87c022-1f47-4b93-b78b-131265412d52
1694350588.6595347,1741,637,path,bb87c022-1f47-4b93-b78b-131265412d52
1694350588.6605353,1742,637,path,bb87c022-1f47-4b93-b78b-131265412d52
1694350588.661535,1743,637,path,bb87c022-1f47-4b93-b78b-131265412d52
1694350588.6635363,1743,637,path,bb87c022-1f47-4b93-b78b-131265412d52
1694350588.6645362,1744,637,path,bb87c022-1f47-4b93-b78b-131265412d52
1694350588.666537,1744,637,path,bb87c022-1f47-4b93-b78b-131265412d52
1694350588.6675365,1744,637,path,bb87c022-1f47-4b93-b78b-131265412d52
1694350588.6685374,1745,637,path,bb87c022-1f47-4b93-b78b-131265412d52
1694350588.6695373,1745,637,path,bb87c022-1f47-4b93-b78b-131265412d52
1694350588.6715379,1746,637,path,bb87c022-1f47-4b93-b78b-131265412d52
1694350588.6725378,1747,637,path,bb87c022-1f47-4b93-b78b-131265412d52
1694350588.674538,1747,637,path,bb87c022-1f47-4b93-b78b-131265412d52
1694350588.6765385,1748,637,path,bb87c022-1f47-4b93-b78b-131265412d52
1694350588.678539,1748,637,path,bb87c022-1f47-4b93-b78b-131265412d52
1694350588.679539,1749,637,path,bb87c022-1f47-4b93-b78b-131265412d52
1694350588.6815395,1749,637,path,bb87c022-1f47-4b93-b78b-131265412d52
1694350588.6835415,1750,637,path,bb87c022-1f47-4b93-b78b-131265412d52
1694350588.6855412,1751,637,path,bb87c022-1f47-4b93-b78b-131265412d52
1694350588.6865413,1751,637,path,bb87c022-1f47-4b93-b78b-131265412d52
1694350588.6885412,1752,637,path,bb87c022-1f47-4b93-b78b-131265412d52
1694350588.690542,1752,637,path,bb87c022-1f47-4b93-b78b-131265412d52
1694350588.6925426,1753,637,path,bb87c022-1f47-4b93-b78b-131265412d52
1694350588.6935425,1753,637,path,bb87c022-1f47-4b93-b78b-131265412d52
1694350588.6965444,1754,637,path,bb87c022-1f47-4b93-b78b-131265412d52
1694350588.6985435,1754,637,path,bb87c022-1f47-4b93-b78b-131265412d52
1694350588.7005446,1755,637,path,bb87c022-1f47-4b93-b78b-131265412d52
1694350588.702545,1756,637,path,bb87c022-1f47-4b93-b78b-131265412d52
1694350588.7035446,1756,637,path,bb87c022-1f47-4b93-b78b-131265412d52
1694350588.706546,1757,637,path,bb87c022-1f47-4b93-b78b-131265412d52
1694350588.707546,1757,637,path,bb87c022-1f47-4b93-b78b-131265412d52
1694350588.7095468,1757,637,path,bb87c022-1f47-4b93-b78b-131265412d52
1694350588.7105467,1758,637,path,bb87c022-1f47-4b93-b78b-131265412d52
1694350588.7125468,1758,637,path,bb87c022-1f47-4b93-b78b-131265412d52
1694350588.7145467,1759,637,path,bb87c022-1f47-4b93-b78b-131265412d52
1694350588.7155478,1759,636,path,bb87c022-1f47-4b93-b78b-131265412d52
1694350588.7165482,1760,636,path,bb87c022-1f47-4b93-b78b-131265412d52
1694350588.7175484,1760,636,path,bb87c022-1f47-4b93-b78b-131265412d52
1694350588.7195485,1761,636,path,bb87c022-1f47-4b93-b78b-131265412d52
1694350588.7215488,1761,636,path,bb87c022-1f47-4b93-b78b-131265412d52
1694350588.722549,1762,636,path,bb87c022-1f47-4b93-b78b-131265412d52
1694350588.7235491,1762,636,path,bb87c022-1f47-4b93-b78b-131265412d52
1694350588.7255495,1763,636,path,bb87c022-1f47-4b93-b78b-131265412d52
1694350588.72655,1764,636,path,bb87c022-1f47-4b93-b78b-131265412d52
1694350588.72655,1764,636,path,bb87c022-1f47-4b93-b78b-131265412d52
1694350588.728551,1764,636,path,bb87c022-1f47-4b93-b78b-131265412d52
1694350588.729551,1765,636,path,bb87c022-1f47-4b93-b78b-131265412d52
1694350588.7305505,1765,636,path,bb87c022-1f47-4b93-b78b-131265412d52
1694350588.7305505,1766,636,path,bb87c022-1f47-4b93-b78b-131265412d52
1694350588.7325513,1766,636,path,bb87c022-1f47-4b93-b78b-131265412d52
1694350588.7325513,1767,636,path,bb87c022-1f47-4b93-b78b-131265412d52
1694350588.7335513,1768,636,path,bb87c022-1f47-4b93-b78b-131265412d52
1694350588.7355523,1768,636,path,bb87c022-1f47-4b93-b78b-131265412d52
1694350588.7365522,1769,636,path,bb87c022-1f47-4b93-b78b-131265412d52
1694350588.7375524,1770,636,path,bb87c022-1f47-4b93-b78b-131265412d52
1694350588.738553,1770,636,path,bb87c022-1f47-4b93-b78b-131265412d52
1694350588.739553,1771,636,path,bb87c022-1f47-4b93-b78b-131265412d52
1694350588.740553,1772,636,path,bb87c022-1f47-4b93-b78b-131265412d52
1694350588.7415533,1773,636,path,bb87c022-1f47-4b93-b78b-131265412d52
1694350588.7425547,1774,636,path,bb87c022-1f47-4b93-b78b-131265412d52
1694350588.7435539,1775,636,path,bb87c022-1f47-4b93-b78b-131265412d52
1694350588.7445545,1777,636,path,bb87c022-1f47-4b93-b78b-131265412d52
1694350588.7455547,1778,636,path,bb87c022-1f47-4b93-b78b-131265412d52
1694350588.7455547,1778,636,path,bb87c022-1f47-4b93-b78b-131265412d52
1694350588.7465544,1780,636,path,bb87c022-1f47-4b93-b78b-131265412d52
1694350588.7475545,1781,636,path,bb87c022-1f47-4b93-b78b-131265412d52
1694350588.7485542,1782,636,path,bb87c022-1f47-4b93-b78b-131265412d52
1694350588.7495546,1784,637,path,bb87c022-1f47-4b93-b78b-131265412d52
1694350588.7505553,1785,637,path,bb87c022-1f47-4b93-b78b-131265412d52
1694350588.752556,1786,637,path,bb87c022-1f47-4b93-b78b-131265412d52
1694350588.753556,1787,637,path,bb87c022-1f47-4b93-b78b-131265412d52
1694350588.753556,1789,638,path,bb87c022-1f47-4b93-b78b-131265412d52
1694350588.7555566,1791,638,path,bb87c022-1f47-4b93-b78b-131265412d52
1694350588.7565575,1792,638,path,bb87c022-1f47-4b93-b78b-131265412d52
1694350588.7575574,1793,639,path,bb87c022-1f47-4b93-b78b-131265412d52
1694350588.7585578,1794,639,path,bb87c022-1f47-4b93-b78b-131265412d52
1694350588.759558,1795,639,path,bb87c022-1f47-4b93-b78b-131265412d52
1694350588.7605577,1798,639,path,bb87c022-1f47-4b93-b78b-131265412d52
1694350588.7605577,1799,640,path,bb87c022-1f47-4b93-b78b-131265412d52
1694350588.7625585,1801,640,path,bb87c022-1f47-4b93-b78b-131265412d52
1694350588.7625585,1802,640,path,bb87c022-1f47-4b93-b78b-131265412d52
1694350588.763558,1804,641,path,bb87c022-1f47-4b93-b78b-131265412d52
1694350588.7645588,1806,641,path,bb87c022-1f47-4b93-b78b-131265412d52
1694350588.7665596,1807,641,path,bb87c022-1f47-4b93-b78b-131265412d52
1694350588.76756,1810,641,path,bb87c022-1f47-4b93-b78b-131265412d52
1694350588.7685604,1812,642,path,bb87c022-1f47-4b93-b78b-131265412d52
1694350588.76956,1813,642,path,bb87c022-1f47-4b93-b78b-131265412d52
1694350588.76956,1815,643,path,bb87c022-1f47-4b93-b78b-131265412d52
1694350588.7705598,1816,643,path,bb87c022-1f47-4b93-b78b-131265412d52
1694350588.7725606,1818,644,path,bb87c022-1f47-4b93-b78b-131265412d52
1694350588.7735605,1820,644,path,bb87c022-1f47-4b93-b78b-131265412d52
1694350588.774561,1821,644,path,bb87c022-1f47-4b93-b78b-131265412d52
1694350588.7755609,1823,644,path,bb87c022-1f47-4b93-b78b-131265412d52
1694350588.7755609,1825,644,path,bb87c022-1f47-4b93-b78b-131265412d52
1694350588.7765613,1826,645,path,bb87c022-1f47-4b93-b78b-131265412d52
1694350588.7775612,1827,645,path,bb87c022-1f47-4b93-b78b-131265412d52
1694350588.7785618,1828,645,path,bb87c022-1f47-4b93-b78b-131265412d52
1694350588.779562,1830,646,path,bb87c022-1f47-4b93-b78b-131265412d52
1694350588.7805622,1831,646,path,bb87c022-1f47-4b93-b78b-131265412d52
1694350588.7815626,1833,646,path,bb87c022-1f47-4b93-b78b-131265412d52
1694350588.7835624,1835,646,path,bb87c022-1f47-4b93-b78b-131265412d52
1694350588.7845638,1836,646,path,bb87c022-1f47-4b93-b78b-131265412d52
1694350588.7845638,1837,646,path,bb87c022-1f47-4b93-b78b-131265412d52
1694350588.7865634,1839,647,path,bb87c022-1f47-4b93-b78b-131265412d52
1694350588.7875638,1840,647,path,bb87c022-1f47-4b93-b78b-131265412d52
1694350588.7875638,1841,647,path,bb87c022-1f47-4b93-b78b-131265412d52
1694350588.7885637,1842,648,path,bb87c022-1f47-4b93-b78b-131265412d52
1694350588.7895641,1844,648,path,bb87c022-1f47-4b93-b78b-131265412d52
1694350588.7905643,1845,648,path,bb87c022-1f47-4b93-b78b-131265412d52
1694350588.7925644,1846,648,path,bb87c022-1f47-4b93-b78b-131265412d52
1694350588.7935653,1848,648,path,bb87c022-1f47-4b93-b78b-131265412d52
1694350588.7935653,1848,648,path,bb87c022-1f47-4b93-b78b-131265412d52
1694350588.7945652,1850,648,path,bb87c022-1f47-4b93-b78b-131265412d52
1694350588.7965655,1851,649,path,bb87c022-1f47-4b93-b78b-131265412d52
1694350588.797566,1852,649,path,bb87c022-1f47-4b93-b78b-131265412d52
1694350588.7985656,1853,649,path,bb87c022-1f47-4b93-b78b-131265412d52
1694350588.799566,1855,649,path,bb87c022-1f47-4b93-b78b-131265412d52
1694350588.799566,1855,650,path,bb87c022-1f47-4b93-b78b-131265412d52
1694350588.8005664,1856,650,path,bb87c022-1f47-4b93-b78b-131265412d52
1694350588.8015673,1858,650,path,bb87c022-1f47-4b93-b78b-131265412d52
1694350588.802567,1858,650,path,bb87c022-1f47-4b93-b78b-131265412d52
1694350588.8045676,1859,650,path,bb87c022-1f47-4b93-b78b-131265412d52
1694350588.8055677,1860,650,path,bb87c022-1f47-4b93-b78b-131265412d52
1694350588.8065686,1861,651,path,bb87c022-1f47-4b93-b78b-131265412d52
1694350588.807568,1862,651,path,bb87c022-1f47-4b93-b78b-131265412d52
1694350588.8085682,1863,651,path,bb87c022-1f47-4b93-b78b-131265412d52
1694350588.8085682,1864,652,path,bb87c022-1f47-4b93-b78b-131265412d52
1694350588.8095691,1865,652,path,bb87c022-1f47-4b93-b78b-131265412d52
1694350588.8115687,1865,652,path,bb87c022-1f47-4b93-b78b-131265412d52
1694350588.8115687,1867,652,path,bb87c022-1f47-4b93-b78b-131265412d52
1694350588.8135693,1867,653,path,bb87c022-1f47-4b93-b78b-131265412d52
1694350588.8145695,1868,653,path,bb87c022-1f47-4b93-b78b-131265412d52
1694350588.8155699,1869,653,path,bb87c022-1f47-4b93-b78b-131265412d52
1694350588.81657,1870,653,path,bb87c022-1f47-4b93-b78b-131265412d52
1694350588.81657,1871,654,path,bb87c022-1f47-4b93-b78b-131265412d52
1694350588.8185701,1872,654,path,bb87c022-1f47-4b93-b78b-131265412d52
1694350588.8185701,1873,654,path,bb87c022-1f47-4b93-b78b-131265412d52
1694350588.8195708,1873,654,path,bb87c022-1f47-4b93-b78b-131265412d52
1694350588.8205712,1874,655,path,bb87c022-1f47-4b93-b78b-131265412d52
1694350588.8225734,1875,655,path,bb87c022-1f47-4b93-b78b-131265412d52
1694350588.8235714,1875,655,path,bb87c022-1f47-4b93-b78b-131265412d52
1694350588.824572,1876,656,path,bb87c022-1f47-4b93-b78b-131265412d52
1694350588.824572,1877,656,path,bb87c022-1f47-4b93-b78b-131265412d52
1694350588.825572,1878,656,path,bb87c022-1f47-4b93-b78b-131265412d52
1694350588.8265722,1879,657,path,bb87c022-1f47-4b93-b78b-131265412d52
1694350588.8295734,1880,657,path,bb87c022-1f47-4b93-b78b-131265412d52
1694350588.830573,1881,657,path,bb87c022-1f47-4b93-b78b-131265412d52
1694350588.830573,1882,658,path,bb87c022-1f47-4b93-b78b-131265412d52
1694350588.8315732,1883,659,path,bb87c022-1f47-4b93-b78b-131265412d52
1694350588.833574,1883,659,path,bb87c022-1f47-4b93-b78b-131265412d52
1694350588.8345742,1884,659,path,bb87c022-1f47-4b93-b78b-131265412d52
1694350588.8345742,1885,659,path,bb87c022-1f47-4b93-b78b-131265412d52
1694350588.8355756,1886,660,path,bb87c022-1f47-4b93-b78b-131265412d52
1694350588.8375764,1886,660,path,bb87c022-1f47-4b93-b78b-131265412d52
1694350588.8375764,1888,660,path,bb87c022-1f47-4b93-b78b-131265412d52
1694350588.8385751,1888,660,path,bb87c022-1f47-4b93-b78b-131265412d52
1694350588.8395753,1889,661,path,bb87c022-1f47-4b93-b78b-131265412d52
1694350588.8405755,1889,661,path,bb87c022-1f47-4b93-b78b-131265412d52
1694350588.8425758,1890,662,path,bb87c022-1f47-4b93-b78b-131265412d52
1694350588.8425758,1890,662,path,bb87c022-1f47-4b93-b78b-131265412d52
1694350588.844576,1891,662,path,bb87c022-1f47-4b93-b78b-131265412d52
1694350588.844576,1892,662,path,bb87c022-1f47-4b93-b78b-131265412d52
1694350588.8455765,1892,663,path,bb87c022-1f47-4b93-b78b-131265412d52
1694350588.846577,1893,663,path,bb87c022-1f47-4b93-b78b-131265412d52
1694350588.848578,1893,663,path,bb87c022-1f47-4b93-b78b-131265412d52
1694350588.848578,1893,663,path,bb87c022-1f47-4b93-b78b-131265412d52
1694350588.8495774,1894,663,path,bb87c022-1f47-4b93-b78b-131265412d52
1694350588.850577,1894,664,path,bb87c022-1f47-4b93-b78b-131265412d52
1694350588.8515778,1895,664,path,bb87c022-1f47-4b93-b78b-131265412d52
1694350588.8525782,1896,664,path,bb87c022-1f47-4b93-b78b-131265412d52
1694350588.8555791,1896,664,path,bb87c022-1f47-4b93-b78b-131265412d52
1694350588.8555791,1897,665,path,bb87c022-1f47-4b93-b78b-131265412d52
1694350588.8565803,1897,665,path,bb87c022-1f47-4b93-b78b-131265412d52
1694350588.8595796,1898,666,path,bb87c022-1f47-4b93-b78b-131265412d52
1694350588.8595796,1898,666,path,bb87c022-1f47-4b93-b78b-131265412d52
1694350588.8615804,1898,666,path,bb87c022-1f47-4b93-b78b-131265412d52
1694350588.8615804,1899,666,path,bb87c022-1f47-4b93-b78b-131265412d52
1694350588.862581,1900,666,path,bb87c022-1f47-4b93-b78b-131265412d52
1694350588.8635807,1900,667,path,bb87c022-1f47-4b93-b78b-131265412d52
1694350588.865581,1900,667,path,bb87c022-1f47-4b93-b78b-131265412d52
1694350588.865581,1901,667,path,bb87c022-1f47-4b93-b78b-131265412d52
1694350588.866581,1901,667,path,bb87c022-1f47-4b93-b78b-131265412d52
1694350588.8675811,1901,667,path,bb87c022-1f47-4b93-b78b-131265412d52
1694350588.8695824,1902,667,path,bb87c022-1f47-4b93-b78b-131265412d52
1694350588.8705826,1902,668,path,bb87c022-1f47-4b93-b78b-131265412d52
1694350588.8735924,1903,668,path,bb87c022-1f47-4b93-b78b-131265412d52
1694350588.8745835,1904,668,path,bb87c022-1f47-4b93-b78b-131265412d52
1694350588.8765829,1904,668,path,bb87c022-1f47-4b93-b78b-131265412d52
1694350588.877584,1904,669,path,bb87c022-1f47-4b93-b78b-131265412d52
1694350588.878584,1905,669,path,bb87c022-1f47-4b93-b78b-131265412d52
1694350588.8795838,1905,669,path,bb87c022-1f47-4b93-b78b-131265412d52
1694350588.8805842,1905,670,path,bb87c022-1f47-4b93-b78b-131265412d52
1694350588.8815846,1906,670,path,bb87c022-1f47-4b93-b78b-131265412d52
1694350588.8835845,1906,670,path,bb87c022-1f47-4b93-b78b-131265412d52
1694350588.8845851,1906,670,path,bb87c022-1f47-4b93-b78b-131265412d52
1694350588.8855853,1907,670,path,bb87c022-1f47-4b93-b78b-131265412d52
1694350588.888586,1907,671,path,bb87c022-1f47-4b93-b78b-131265412d52
1694350588.8895864,1908,671,path,bb87c022-1f47-4b93-b78b-131265412d52
1694350588.8925874,1909,671,path,bb87c022-1f47-4b93-b78b-131265412d52
1694350588.8925874,1909,671,path,bb87c022-1f47-4b93-b78b-131265412d52
1694350588.894588,1909,671,path,bb87c022-1f47-4b93-b78b-131265412d52
1694350588.8965883,1910,672,path,bb87c022-1f47-4b93-b78b-131265412d52
1694350588.8995886,1910,672,path,bb87c022-1f47-4b93-b78b-131265412d52
1694350588.9005888,1911,672,path,bb87c022-1f47-4b93-b78b-131265412d52
1694350588.9015887,1911,672,path,bb87c022-1f47-4b93-b78b-131265412d52
1694350588.904594,1911,672,path,bb87c022-1f47-4b93-b78b-131265412d52
1694350588.9065897,1912,672,path,bb87c022-1f47-4b93-b78b-131265412d52
1694350588.9075902,1912,673,path,bb87c022-1f47-4b93-b78b-131265412d52
1694350588.9105906,1913,673,path,bb87c022-1f47-4b93-b78b-131265412d52
1694350588.9325957,1697,414,end,bb87c022-1f47-4b93-b78b-131265412d52
1694350589.0036118,1913,673,start,efbf367d-585c-4ccb-bd09-b0c78978bf23
1694350589.0106132,1913,673,path,efbf367d-585c-4ccb-bd09-b0c78978bf23
1694350589.0181246,1912,673,path,efbf367d-585c-4ccb-bd09-b0c78978bf23
1694350589.0501318,1912,673,path,efbf367d-585c-4ccb-bd09-b0c78978bf23
1694350589.0541322,1912,674,path,efbf367d-585c-4ccb-bd09-b0c78978bf23
1694350589.0551326,1911,674,path,efbf367d-585c-4ccb-bd09-b0c78978bf23
1694350589.0571332,1911,674,path,efbf367d-585c-4ccb-bd09-b0c78978bf23
1694350589.0611343,1910,674,path,efbf367d-585c-4ccb-bd09-b0c78978bf23
1694350589.0621347,1910,675,path,efbf367d-585c-4ccb-bd09-b0c78978bf23
1694350589.0631375,1910,675,path,efbf367d-585c-4ccb-bd09-b0c78978bf23
1694350589.065135,1909,675,path,efbf367d-585c-4ccb-bd09-b0c78978bf23
1694350589.0671356,1908,675,path,efbf367d-585c-4ccb-bd09-b0c78978bf23
1694350589.0681357,1908,675,path,efbf367d-585c-4ccb-bd09-b0c78978bf23
1694350589.0701358,1907,675,path,efbf367d-585c-4ccb-bd09-b0c78978bf23
1694350589.071136,1907,676,path,efbf367d-585c-4ccb-bd09-b0c78978bf23
1694350589.0721366,1906,676,path,efbf367d-585c-4ccb-bd09-b0c78978bf23
1694350589.0731366,1906,676,path,efbf367d-585c-4ccb-bd09-b0c78978bf23
1694350589.0741367,1906,676,path,efbf367d-585c-4ccb-bd09-b0c78978bf23
1694350589.0751371,1905,676,path,efbf367d-585c-4ccb-bd09-b0c78978bf23
1694350589.0761383,1904,677,path,efbf367d-585c-4ccb-bd09-b0c78978bf23
1694350589.0781379,1903,677,path,efbf367d-585c-4ccb-bd09-b0c78978bf23
1694350589.079138,1902,678,path,efbf367d-585c-4ccb-bd09-b0c78978bf23
1694350589.080138,1901,678,path,efbf367d-585c-4ccb-bd09-b0c78978bf23
1694350589.0811384,1900,678,path,efbf367d-585c-4ccb-bd09-b0c78978bf23
1694350589.0821388,1900,678,path,efbf367d-585c-4ccb-bd09-b0c78978bf23
1694350589.0831385,1899,679,path,efbf367d-585c-4ccb-bd09-b0c78978bf23
1694350589.084139,1898,679,path,efbf367d-585c-4ccb-bd09-b0c78978bf23
1694350589.0851393,1897,679,path,efbf367d-585c-4ccb-bd09-b0c78978bf23
1694350589.0861397,1896,679,path,efbf367d-585c-4ccb-bd09-b0c78978bf23
1694350589.08714,1895,680,path,efbf367d-585c-4ccb-bd09-b0c78978bf23
1694350589.0881398,1893,681,path,efbf367d-585c-4ccb-bd09-b0c78978bf23
1694350589.08914,1892,681,path,efbf367d-585c-4ccb-bd09-b0c78978bf23
1694350589.0901403,1891,681,path,efbf367d-585c-4ccb-bd09-b0c78978bf23
1694350589.0911407,1889,681,path,efbf367d-585c-4ccb-bd09-b0c78978bf23
1694350589.0921435,1887,682,path,efbf367d-585c-4ccb-bd09-b0c78978bf23
1694350589.0931416,1886,683,path,efbf367d-585c-4ccb-bd09-b0c78978bf23
1694350589.0941415,1884,683,path,efbf367d-585c-4ccb-bd09-b0c78978bf23
1694350589.0951414,1882,683,path,efbf367d-585c-4ccb-bd09-b0c78978bf23
1694350589.0961413,1880,684,path,efbf367d-585c-4ccb-bd09-b0c78978bf23
1694350589.0971415,1879,684,path,efbf367d-585c-4ccb-bd09-b0c78978bf23
1694350589.0981421,1877,685,path,efbf367d-585c-4ccb-bd09-b0c78978bf23
1694350589.0991423,1874,686,path,efbf367d-585c-4ccb-bd09-b0c78978bf23
1694350589.1001432,1873,686,path,efbf367d-585c-4ccb-bd09-b0c78978bf23
1694350589.1011431,1873,686,path,efbf367d-585c-4ccb-bd09-b0c78978bf23
1694350589.102143,1871,686,path,efbf367d-585c-4ccb-bd09-b0c78978bf23
1694350589.1031435,1868,687,path,efbf367d-585c-4ccb-bd09-b0c78978bf23
1694350589.1041439,1863,688,path,efbf367d-585c-4ccb-bd09-b0c78978bf23
1694350589.1051445,1861,689,path,efbf367d-585c-4ccb-bd09-b0c78978bf23
1694350589.1061444,1860,689,path,efbf367d-585c-4ccb-bd09-b0c78978bf23
1694350589.1071439,1858,689,path,efbf367d-585c-4ccb-bd09-b0c78978bf23
1694350589.108145,1855,690,path,efbf367d-585c-4ccb-bd09-b0c78978bf23
1694350589.109145,1849,691,path,efbf367d-585c-4ccb-bd09-b0c78978bf23
1694350589.1101449,1847,692,path,efbf367d-585c-4ccb-bd09-b0c78978bf23
1694350589.111146,1844,692,path,efbf367d-585c-4ccb-bd09-b0c78978bf23
1694350589.1121461,1841,692,path,efbf367d-585c-4ccb-bd09-b0c78978bf23
1694350589.113146,1838,693,path,efbf367d-585c-4ccb-bd09-b0c78978bf23
1694350589.1141453,1833,694,path,efbf367d-585c-4ccb-bd09-b0c78978bf23
1694350589.1151462,1833,694,path,efbf367d-585c-4ccb-bd09-b0c78978bf23
1694350589.1161458,1830,695,path,efbf367d-585c-4ccb-bd09-b0c78978bf23
1694350589.117147,1822,696,path,efbf367d-585c-4ccb-bd09-b0c78978bf23
1694350589.1181464,1819,697,path,efbf367d-585c-4ccb-bd09-b0c78978bf23
1694350589.1191468,1814,697,path,efbf367d-585c-4ccb-bd09-b0c78978bf23
1694350589.1201472,1814,697,path,efbf367d-585c-4ccb-bd09-b0c78978bf23
1694350589.1211474,1809,698,path,efbf367d-585c-4ccb-bd09-b0c78978bf23
1694350589.1221476,1804,699,path,efbf367d-585c-4ccb-bd09-b0c78978bf23
1694350589.123148,1798,699,path,efbf367d-585c-4ccb-bd09-b0c78978bf23
1694350589.124152,1793,700,path,efbf367d-585c-4ccb-bd09-b0c78978bf23
1694350589.1251485,1788,701,path,efbf367d-585c-4ccb-bd09-b0c78978bf23
1694350589.126149,1783,701,path,efbf367d-585c-4ccb-bd09-b0c78978bf23
1694350589.1271489,1781,702,path,efbf367d-585c-4ccb-bd09-b0c78978bf23
1694350589.1281488,1777,702,path,efbf367d-585c-4ccb-bd09-b0c78978bf23
1694350589.1291494,1767,703,path,efbf367d-585c-4ccb-bd09-b0c78978bf23
1694350589.1301491,1762,704,path,efbf367d-585c-4ccb-bd09-b0c78978bf23
1694350589.13115,1760,704,path,efbf367d-585c-4ccb-bd09-b0c78978bf23
1694350589.13215,1751,705,path,efbf367d-585c-4ccb-bd09-b0c78978bf23
1694350589.13315,1746,705,path,efbf367d-585c-4ccb-bd09-b0c78978bf23
1694350589.13415,1744,705,path,efbf367d-585c-4ccb-bd09-b0c78978bf23
1694350589.135152,1735,705,path,efbf367d-585c-4ccb-bd09-b0c78978bf23
1694350589.1361525,1726,706,path,efbf367d-585c-4ccb-bd09-b0c78978bf23
1694350589.1371517,1720,706,path,efbf367d-585c-4ccb-bd09-b0c78978bf23
1694350589.138152,1718,706,path,efbf367d-585c-4ccb-bd09-b0c78978bf23
1694350589.1391525,1710,707,path,efbf367d-585c-4ccb-bd09-b0c78978bf23
1694350589.1401517,1701,707,path,efbf367d-585c-4ccb-bd09-b0c78978bf23
1694350589.1411521,1695,707,path,efbf367d-585c-4ccb-bd09-b0c78978bf23
1694350589.1421523,1686,707,path,efbf367d-585c-4ccb-bd09-b0c78978bf23
1694350589.1431525,1684,707,path,efbf367d-585c-4ccb-bd09-b0c78978bf23
1694350589.1441529,1675,708,path,efbf367d-585c-4ccb-bd09-b0c78978bf23
1694350589.1451526,1667,708,path,efbf367d-585c-4ccb-bd09-b0c78978bf23
1694350589.1461527,1658,708,path,efbf367d-585c-4ccb-bd09-b0c78978bf23
1694350589.147154,1653,708,path,efbf367d-585c-4ccb-bd09-b0c78978bf23
1694350589.1481535,1643,708,path,efbf367d-585c-4ccb-bd09-b0c78978bf23
1694350589.1491537,1634,708,path,efbf367d-585c-4ccb-bd09-b0c78978bf23
1694350589.1501544,1632,708,path,efbf367d-585c-4ccb-bd09-b0c78978bf23
1694350589.1511543,1623,708,path,efbf367d-585c-4ccb-bd09-b0c78978bf23
1694350589.1521542,1614,708,path,efbf367d-585c-4ccb-bd09-b0c78978bf23
1694350589.1531546,1605,708,path,efbf367d-585c-4ccb-bd09-b0c78978bf23
1694350589.1541545,1595,708,path,efbf367d-585c-4ccb-bd09-b0c78978bf23
1694350589.1551554,1586,707,path,efbf367d-585c-4ccb-bd09-b0c78978bf23
1694350589.1561577,1577,707,path,efbf367d-585c-4ccb-bd09-b0c78978bf23
1694350589.1571555,1567,706,path,efbf367d-585c-4ccb-bd09-b0c78978bf23
1694350589.1581557,1562,706,path,efbf367d-585c-4ccb-bd09-b0c78978bf23
1694350589.1591568,1552,705,path,efbf367d-585c-4ccb-bd09-b0c78978bf23
1694350589.1601565,1543,704,path,efbf367d-585c-4ccb-bd09-b0c78978bf23
1694350589.161157,1535,703,path,efbf367d-585c-4ccb-bd09-b0c78978bf23
1694350589.1621568,1525,703,path,efbf367d-585c-4ccb-bd09-b0c78978bf23
1694350589.163158,1516,702,path,efbf367d-585c-4ccb-bd09-b0c78978bf23
1694350589.1641572,1506,701,path,efbf367d-585c-4ccb-bd09-b0c78978bf23
1694350589.165159,1497,700,path,efbf367d-585c-4ccb-bd09-b0c78978bf23
1694350589.1661575,1495,700,path,efbf367d-585c-4ccb-bd09-b0c78978bf23
1694350589.1671574,1478,698,path,efbf367d-585c-4ccb-bd09-b0c78978bf23
1694350589.168158,1469,696,path,efbf367d-585c-4ccb-bd09-b0c78978bf23
1694350589.1691594,1459,695,path,efbf367d-585c-4ccb-bd09-b0c78978bf23
1694350589.1701586,1450,694,path,efbf367d-585c-4ccb-bd09-b0c78978bf23
1694350589.171159,1442,693,path,efbf367d-585c-4ccb-bd09-b0c78978bf23
1694350589.1721592,1431,692,path,efbf367d-585c-4ccb-bd09-b0c78978bf23
1694350589.1731594,1423,690,path,efbf367d-585c-4ccb-bd09-b0c78978bf23
1694350589.1741605,1413,689,path,efbf367d-585c-4ccb-bd09-b0c78978bf23
1694350589.1751592,1404,688,path,efbf367d-585c-4ccb-bd09-b0c78978bf23
1694350589.1761594,1394,687,path,efbf367d-585c-4ccb-bd09-b0c78978bf23
1694350589.17716,1385,685,path,efbf367d-585c-4ccb-bd09-b0c78978bf23
1694350589.1781604,1375,684,path,efbf367d-585c-4ccb-bd09-b0c78978bf23
1694350589.1791604,1367,683,path,efbf367d-585c-4ccb-bd09-b0c78978bf23
1694350589.1801605,1358,681,path,efbf367d-585c-4ccb-bd09-b0c78978bf23
1694350589.1811614,1344,679,path,efbf367d-585c-4ccb-bd09-b0c78978bf23
1694350589.1821613,1335,677,path,efbf367d-585c-4ccb-bd09-b0c78978bf23
1694350589.1831615,1325,675,path,efbf367d-585c-4ccb-bd09-b0c78978bf23
1694350589.1841695,1316,674,path,efbf367d-585c-4ccb-bd09-b0c78978bf23
1694350589.1851683,1308,673,path,efbf367d-585c-4ccb-bd09-b0c78978bf23
1694350589.1861618,1298,671,path,efbf367d-585c-4ccb-bd09-b0c78978bf23
1694350589.1871624,1289,670,path,efbf367d-585c-4ccb-bd09-b0c78978bf23
1694350589.188163,1279,668,path,efbf367d-585c-4ccb-bd09-b0c78978bf23
1694350589.1891627,1270,667,path,efbf367d-585c-4ccb-bd09-b0c78978bf23
1694350589.190163,1260,665,path,efbf367d-585c-4ccb-bd09-b0c78978bf23
1694350589.1911633,1251,664,path,efbf367d-585c-4ccb-bd09-b0c78978bf23
1694350589.192164,1242,663,path,efbf367d-585c-4ccb-bd09-b0c78978bf23
1694350589.193164,1233,661,path,efbf367d-585c-4ccb-bd09-b0c78978bf23
1694350589.1941638,1223,660,path,efbf367d-585c-4ccb-bd09-b0c78978bf23
1694350589.195164,1214,657,path,efbf367d-585c-4ccb-bd09-b0c78978bf23
1694350589.1961641,1204,656,path,efbf367d-585c-4ccb-bd09-b0c78978bf23
1694350589.1971643,1195,654,path,efbf367d-585c-4ccb-bd09-b0c78978bf23
1694350589.1981647,1187,653,path,efbf367d-585c-4ccb-bd09-b0c78978bf23
1694350589.1991649,1176,651,path,efbf367d-585c-4ccb-bd09-b0c78978bf23
1694350589.2001648,1170,650,path,efbf367d-585c-4ccb-bd09-b0c78978bf23
1694350589.201165,1163,649,path,efbf367d-585c-4ccb-bd09-b0c78978bf23
1694350589.202165,1159,648,path,efbf367d-585c-4ccb-bd09-b0c78978bf23
1694350589.2031655,1144,646,path,efbf367d-585c-4ccb-bd09-b0c78978bf23
1694350589.204166,1141,645,path,efbf367d-585c-4ccb-bd09-b0c78978bf23
1694350589.2051663,1129,644,path,efbf367d-585c-4ccb-bd09-b0c78978bf23
1694350589.2061667,1122,642,path,efbf367d-585c-4ccb-bd09-b0c78978bf23
1694350589.207167,1118,642,path,efbf367d-585c-4ccb-bd09-b0c78978bf23
1694350589.2081668,1113,641,path,efbf367d-585c-4ccb-bd09-b0c78978bf23
1694350589.2091672,1105,639,path,efbf367d-585c-4ccb-bd09-b0c78978bf23
1694350589.2101674,1094,638,path,efbf367d-585c-4ccb-bd09-b0c78978bf23
1694350589.2111678,1089,637,path,efbf367d-585c-4ccb-bd09-b0c78978bf23
1694350589.2121677,1088,637,path,efbf367d-585c-4ccb-bd09-b0c78978bf23
1694350589.2131686,1079,635,path,efbf367d-585c-4ccb-bd09-b0c78978bf23
1694350589.2141678,1074,635,path,efbf367d-585c-4ccb-bd09-b0c78978bf23
1694350589.2151725,1073,635,path,efbf367d-585c-4ccb-bd09-b0c78978bf23
1694350589.2161682,1065,634,path,efbf367d-585c-4ccb-bd09-b0c78978bf23
1694350589.2171686,1061,634,path,efbf367d-585c-4ccb-bd09-b0c78978bf23
1694350589.218169,1059,633,path,efbf367d-585c-4ccb-bd09-b0c78978bf23
1694350589.2191703,1055,633,path,efbf367d-585c-4ccb-bd09-b0c78978bf23
1694350589.22017,1050,632,path,efbf367d-585c-4ccb-bd09-b0c78978bf23
1694350589.22117,1042,632,path,efbf367d-585c-4ccb-bd09-b0c78978bf23
1694350589.2221708,1039,632,path,efbf367d-585c-4ccb-bd09-b0c78978bf23
1694350589.2231715,1035,632,path,efbf367d-585c-4ccb-bd09-b0c78978bf23
1694350589.2241735,1034,632,path,efbf367d-585c-4ccb-bd09-b0c78978bf23
1694350589.2251751,1032,631,path,efbf367d-585c-4ccb-bd09-b0c78978bf23
1694350589.2261708,1029,631,path,efbf367d-585c-4ccb-bd09-b0c78978bf23
1694350589.2271714,1026,631,path,efbf367d-585c-4ccb-bd09-b0c78978bf23
1694350589.2281718,1024,630,path,efbf367d-585c-4ccb-bd09-b0c78978bf23
1694350589.2291722,1021,630,path,efbf367d-585c-4ccb-bd09-b0c78978bf23
1694350589.230172,1018,630,path,efbf367d-585c-4ccb-bd09-b0c78978bf23
1694350589.231172,1013,629,path,efbf367d-585c-4ccb-bd09-b0c78978bf23
1694350589.232172,1011,629,path,efbf367d-585c-4ccb-bd09-b0c78978bf23
1694350589.2331727,1010,629,path,efbf367d-585c-4ccb-bd09-b0c78978bf23
1694350589.2341728,1008,629,path,efbf367d-585c-4ccb-bd09-b0c78978bf23
1694350589.2351737,1006,629,path,efbf367d-585c-4ccb-bd09-b0c78978bf23
1694350589.2361739,1005,629,path,efbf367d-585c-4ccb-bd09-b0c78978bf23
1694350589.2371743,1004,628,path,efbf367d-585c-4ccb-bd09-b0c78978bf23
1694350589.2381742,1002,628,path,efbf367d-585c-4ccb-bd09-b0c78978bf23
1694350589.2391744,1001,627,path,efbf367d-585c-4ccb-bd09-b0c78978bf23
1694350589.2401745,1000,627,path,efbf367d-585c-4ccb-bd09-b0c78978bf23
1694350589.2411747,998,627,path,efbf367d-585c-4ccb-bd09-b0c78978bf23
1694350589.2421744,998,627,path,efbf367d-585c-4ccb-bd09-b0c78978bf23
1694350589.243175,997,627,path,efbf367d-585c-4ccb-bd09-b0c78978bf23
1694350589.244175,996,627,path,efbf367d-585c-4ccb-bd09-b0c78978bf23
1694350589.24518,996,626,path,efbf367d-585c-4ccb-bd09-b0c78978bf23
1694350589.2461748,995,626,path,efbf367d-585c-4ccb-bd09-b0c78978bf23
1694350589.2471757,994,626,path,efbf367d-585c-4ccb-bd09-b0c78978bf23
1694350589.2491763,994,625,path,efbf367d-585c-4ccb-bd09-b0c78978bf23
1694350589.2511764,994,625,path,efbf367d-585c-4ccb-bd09-b0c78978bf23
1694350589.252177,993,625,path,efbf367d-585c-4ccb-bd09-b0c78978bf23
1694350589.2541773,993,624,path,efbf367d-585c-4ccb-bd09-b0c78978bf23
1694350589.2561774,993,623,path,efbf367d-585c-4ccb-bd09-b0c78978bf23
1694350589.2581778,993,623,path,efbf367d-585c-4ccb-bd09-b0c78978bf23
1694350589.2601788,993,622,path,efbf367d-585c-4ccb-bd09-b0c78978bf23
1694350589.2621796,993,622,path,efbf367d-585c-4ccb-bd09-b0c78978bf23
1694350589.263179,993,621,path,efbf367d-585c-4ccb-bd09-b0c78978bf23
1694350589.26418,993,621,path,efbf367d-585c-4ccb-bd09-b0c78978bf23
1694350589.2651792,993,621,path,efbf367d-585c-4ccb-bd09-b0c78978bf23
1694350589.2661796,994,621,path,efbf367d-585c-4ccb-bd09-b0c78978bf23
1694350589.26718,995,620,path,efbf367d-585c-4ccb-bd09-b0c78978bf23
1694350589.2681804,995,619,path,efbf367d-585c-4ccb-bd09-b0c78978bf23
1694350589.26918,995,619,path,efbf367d-585c-4ccb-bd09-b0c78978bf23
1694350589.2701807,996,619,path,efbf367d-585c-4ccb-bd09-b0c78978bf23
1694350589.2711806,996,618,path,efbf367d-585c-4ccb-bd09-b0c78978bf23
1694350589.2721815,997,618,path,efbf367d-585c-4ccb-bd09-b0c78978bf23
1694350589.273181,997,618,path,efbf367d-585c-4ccb-bd09-b0c78978bf23
1694350589.2741811,999,617,path,efbf367d-585c-4ccb-bd09-b0c78978bf23
1694350589.2751818,999,616,path,efbf367d-585c-4ccb-bd09-b0c78978bf23
1694350589.2761817,1000,616,path,efbf367d-585c-4ccb-bd09-b0c78978bf23
1694350589.2771828,1000,616,path,efbf367d-585c-4ccb-bd09-b0c78978bf23
1694350589.278182,1001,615,path,efbf367d-585c-4ccb-bd09-b0c78978bf23
1694350589.2791827,1002,615,path,efbf367d-585c-4ccb-bd09-b0c78978bf23
1694350589.2801828,1003,615,path,efbf367d-585c-4ccb-bd09-b0c78978bf23
1694350589.2811837,1003,614,path,efbf367d-585c-4ccb-bd09-b0c78978bf23
1694350589.282183,1005,614,path,efbf367d-585c-4ccb-bd09-b0c78978bf23
1694350589.2831857,1006,613,path,efbf367d-585c-4ccb-bd09-b0c78978bf23
1694350589.2841835,1007,613,path,efbf367d-585c-4ccb-bd09-b0c78978bf23
1694350589.2851837,1007,612,path,efbf367d-585c-4ccb-bd09-b0c78978bf23
1694350589.2861843,1008,612,path,efbf367d-585c-4ccb-bd09-b0c78978bf23
1694350589.2871847,1009,611,path,efbf367d-585c-4ccb-bd09-b0c78978bf23
1694350589.2881846,1010,611,path,efbf367d-585c-4ccb-bd09-b0c78978bf23
1694350589.289185,1011,611,path,efbf367d-585c-4ccb-bd09-b0c78978bf23
1694350589.2901852,1012,610,path,efbf367d-585c-4ccb-bd09-b0c78978bf23
1694350589.2911856,1013,609,path,efbf367d-585c-4ccb-bd09-b0c78978bf23
1694350589.292186,1014,609,path,efbf367d-585c-4ccb-bd09-b0c78978bf23
1694350589.293186,1015,609,path,efbf367d-585c-4ccb-bd09-b0c78978bf23
1694350589.2941856,1017,608,path,efbf367d-585c-4ccb-bd09-b0c78978bf23
1694350589.2951863,1017,607,path,efbf367d-585c-4ccb-bd09-b0c78978bf23
1694350589.2961862,1018,607,path,efbf367d-585c-4ccb-bd09-b0c78978bf23
1694350589.2971866,1019,607,path,efbf367d-585c-4ccb-bd09-b0c78978bf23
1694350589.2981868,1020,607,path,efbf367d-585c-4ccb-bd09-b0c78978bf23
1694350589.2991872,1021,606,path,efbf367d-585c-4ccb-bd09-b0c78978bf23
1694350589.3001876,1022,606,path,efbf367d-585c-4ccb-bd09-b0c78978bf23
1694350589.3011878,1023,606,path,efbf367d-585c-4ccb-bd09-b0c78978bf23
1694350589.3021884,1024,605,path,efbf367d-585c-4ccb-bd09-b0c78978bf23
1694350589.3031883,1025,604,path,efbf367d-585c-4ccb-bd09-b0c78978bf23
1694350589.3041883,1026,604,path,efbf367d-585c-4ccb-bd09-b0c78978bf23
1694350589.3051882,1027,604,path,efbf367d-585c-4ccb-bd09-b0c78978bf23
1694350589.3061883,1027,604,path,efbf367d-585c-4ccb-bd09-b0c78978bf23
1694350589.3071887,1029,603,path,efbf367d-585c-4ccb-bd09-b0c78978bf23
1694350589.3081892,1029,603,path,efbf367d-585c-4ccb-bd09-b0c78978bf23
1694350589.3091893,1031,603,path,efbf367d-585c-4ccb-bd09-b0c78978bf23
1694350589.3101892,1031,603,path,efbf367d-585c-4ccb-bd09-b0c78978bf23
1694350589.3111894,1032,602,path,efbf367d-585c-4ccb-bd09-b0c78978bf23
1694350589.3121905,1033,602,path,efbf367d-585c-4ccb-bd09-b0c78978bf23
1694350589.3131905,1034,601,path,efbf367d-585c-4ccb-bd09-b0c78978bf23
1694350589.3141906,1036,601,path,efbf367d-585c-4ccb-bd09-b0c78978bf23
1694350589.3161929,1037,601,path,efbf367d-585c-4ccb-bd09-b0c78978bf23
1694350589.3171914,1037,600,path,efbf367d-585c-4ccb-bd09-b0c78978bf23
1694350589.318191,1039,600,path,efbf367d-585c-4ccb-bd09-b0c78978bf23
1694350589.3191926,1039,599,path,efbf367d-585c-4ccb-bd09-b0c78978bf23
1694350589.3201923,1040,599,path,efbf367d-585c-4ccb-bd09-b0c78978bf23
1694350589.3211923,1041,599,path,efbf367d-585c-4ccb-bd09-b0c78978bf23
1694350589.3221927,1042,599,path,efbf367d-585c-4ccb-bd09-b0c78978bf23
1694350589.3231926,1042,598,path,efbf367d-585c-4ccb-bd09-b0c78978bf23
1694350589.3241923,1043,598,path,efbf367d-585c-4ccb-bd09-b0c78978bf23
1694350589.3251932,1043,598,path,efbf367d-585c-4ccb-bd09-b0c78978bf23
1694350589.326193,1045,598,path,efbf367d-585c-4ccb-bd09-b0c78978bf23
1694350589.327193,1045,598,path,efbf367d-585c-4ccb-bd09-b0c78978bf23
1694350589.328194,1046,597,path,efbf367d-585c-4ccb-bd09-b0c78978bf23
1694350589.3291938,1046,597,path,efbf367d-585c-4ccb-bd09-b0c78978bf23
1694350589.3301942,1047,597,path,efbf367d-585c-4ccb-bd09-b0c78978bf23
1694350589.3311944,1047,597,path,efbf367d-585c-4ccb-bd09-b0c78978bf23
1694350589.3321946,1048,596,path,efbf367d-585c-4ccb-bd09-b0c78978bf23
1694350589.333195,1049,596,path,efbf367d-585c-4ccb-bd09-b0c78978bf23
1694350589.3341951,1049,596,path,efbf367d-585c-4ccb-bd09-b0c78978bf23
1694350589.3351953,1050,595,path,efbf367d-585c-4ccb-bd09-b0c78978bf23
1694350589.336195,1051,595,path,efbf367d-585c-4ccb-bd09-b0c78978bf23
1694350589.338196,1051,595,path,efbf367d-585c-4ccb-bd09-b0c78978bf23
1694350589.3391962,1052,595,path,efbf367d-585c-4ccb-bd09-b0c78978bf23
1694350589.3401964,1052,594,path,efbf367d-585c-4ccb-bd09-b0c78978bf23
1694350589.3411963,1053,594,path,efbf367d-585c-4ccb-bd09-b0c78978bf23
1694350589.3421967,1053,594,path,efbf367d-585c-4ccb-bd09-b0c78978bf23
1694350589.3431966,1053,594,path,efbf367d-585c-4ccb-bd09-b0c78978bf23
1694350589.3441978,1054,594,path,efbf367d-585c-4ccb-bd09-b0c78978bf23
1694350589.3451977,1054,594,path,efbf367d-585c-4ccb-bd09-b0c78978bf23
1694350589.3461978,1054,593,path,efbf367d-585c-4ccb-bd09-b0c78978bf23
1694350589.347198,1055,593,path,efbf367d-585c-4ccb-bd09-b0c78978bf23
1694350589.348198,1055,593,path,efbf367d-585c-4ccb-bd09-b0c78978bf23
1694350589.3501987,1055,593,path,efbf367d-585c-4ccb-bd09-b0c78978bf23
1694350589.3521998,1056,592,path,efbf367d-585c-4ccb-bd09-b0c78978bf23
1694350589.3551998,1056,591,path,efbf367d-585c-4ccb-bd09-b0c78978bf23
1694350589.3572001,1057,591,path,efbf367d-585c-4ccb-bd09-b0c78978bf23
1694350589.3612006,1057,591,path,efbf367d-585c-4ccb-bd09-b0c78978bf23
1694350589.3692026,1057,590,path,efbf367d-585c-4ccb-bd09-b0c78978bf23
1694350589.3742037,1057,590,path,efbf367d-585c-4ccb-bd09-b0c78978bf23
1694350589.396209,1057,589,path,efbf367d-585c-4ccb-bd09-b0c78978bf23
1694350589.4012105,1057,589,path,efbf367d-585c-4ccb-bd09-b0c78978bf23
1694350589.4022112,1057,589,path,efbf367d-585c-4ccb-bd09-b0c78978bf23
1694350589.404211,1057,588,path,efbf367d-585c-4ccb-bd09-b0c78978bf23
1694350589.4062114,1058,588,path,efbf367d-585c-4ccb-bd09-b0c78978bf23
1694350589.4082122,1058,588,path,efbf367d-585c-4ccb-bd09-b0c78978bf23
1694350589.409212,1058,587,path,efbf367d-585c-4ccb-bd09-b0c78978bf23
1694350589.410212,1059,587,path,efbf367d-585c-4ccb-bd09-b0c78978bf23
1694350589.4112127,1059,587,path,efbf367d-585c-4ccb-bd09-b0c78978bf23
1694350589.413212,1059,587,path,efbf367d-585c-4ccb-bd09-b0c78978bf23
1694350589.4142134,1060,586,path,efbf367d-585c-4ccb-bd09-b0c78978bf23
1694350589.4162135,1061,586,path,efbf367d-585c-4ccb-bd09-b0c78978bf23
1694350589.417214,1061,586,path,efbf367d-585c-4ccb-bd09-b0c78978bf23
1694350589.4182134,1061,586,path,efbf367d-585c-4ccb-bd09-b0c78978bf23
1694350589.4192142,1062,586,path,efbf367d-585c-4ccb-bd09-b0c78978bf23
1694350589.4202142,1062,585,path,efbf367d-585c-4ccb-bd09-b0c78978bf23
1694350589.4212148,1062,585,path,efbf367d-585c-4ccb-bd09-b0c78978bf23
1694350589.4222145,1063,585,path,efbf367d-585c-4ccb-bd09-b0c78978bf23
1694350589.4242153,1063,585,path,efbf367d-585c-4ccb-bd09-b0c78978bf23
1694350589.4252155,1064,585,path,efbf367d-585c-4ccb-bd09-b0c78978bf23
1694350589.4262154,1065,584,path,efbf367d-585c-4ccb-bd09-b0c78978bf23
1694350589.4282162,1065,584,path,efbf367d-585c-4ccb-bd09-b0c78978bf23
1694350589.4292166,1066,583,path,efbf367d-585c-4ccb-bd09-b0c78978bf23
1694350589.4302173,1066,583,path,efbf367d-585c-4ccb-bd09-b0c78978bf23
1694350589.4322171,1067,583,path,efbf367d-585c-4ccb-bd09-b0c78978bf23
1694350589.4342172,1068,583,path,efbf367d-585c-4ccb-bd09-b0c78978bf23
1694350589.4352176,1069,583,path,efbf367d-585c-4ccb-bd09-b0c78978bf23
1694350589.436218,1069,583,path,efbf367d-585c-4ccb-bd09-b0c78978bf23
1694350589.437218,1070,582,path,efbf367d-585c-4ccb-bd09-b0c78978bf23
1694350589.4392188,1071,582,path,efbf367d-585c-4ccb-bd09-b0c78978bf23
1694350589.4412193,1072,582,path,efbf367d-585c-4ccb-bd09-b0c78978bf23
1694350589.4422195,1072,582,path,efbf367d-585c-4ccb-bd09-b0c78978bf23
1694350589.4432194,1073,582,path,efbf367d-585c-4ccb-bd09-b0c78978bf23
1694350589.4442198,1073,582,path,efbf367d-585c-4ccb-bd09-b0c78978bf23
1694350589.44522,1074,581,path,efbf367d-585c-4ccb-bd09-b0c78978bf23
1694350589.44622,1074,581,path,efbf367d-585c-4ccb-bd09-b0c78978bf23
1694350589.4472227,1075,581,path,efbf367d-585c-4ccb-bd09-b0c78978bf23
1694350589.4482207,1075,581,path,efbf367d-585c-4ccb-bd09-b0c78978bf23
1694350589.4492207,1077,581,path,efbf367d-585c-4ccb-bd09-b0c78978bf23
1694350589.4502213,1077,581,path,efbf367d-585c-4ccb-bd09-b0c78978bf23
1694350589.4512215,1078,581,path,efbf367d-585c-4ccb-bd09-b0c78978bf23
1694350589.4522216,1078,581,path,efbf367d-585c-4ccb-bd09-b0c78978bf23
1694350589.4532218,1079,581,path,efbf367d-585c-4ccb-bd09-b0c78978bf23
1694350589.4542224,1080,580,path,efbf367d-585c-4ccb-bd09-b0c78978bf23
1694350589.4552224,1081,580,path,efbf367d-585c-4ccb-bd09-b0c78978bf23
1694350589.4562223,1081,580,path,efbf367d-585c-4ccb-bd09-b0c78978bf23
1694350589.4572227,1082,580,path,efbf367d-585c-4ccb-bd09-b0c78978bf23
1694350589.4582229,1083,580,path,efbf367d-585c-4ccb-bd09-b0c78978bf23
1694350589.4592233,1083,580,path,efbf367d-585c-4ccb-bd09-b0c78978bf23
1694350589.460224,1084,579,path,efbf367d-585c-4ccb-bd09-b0c78978bf23
1694350589.461224,1085,579,path,efbf367d-585c-4ccb-bd09-b0c78978bf23
1694350589.4622242,1085,579,path,efbf367d-585c-4ccb-bd09-b0c78978bf23
1694350589.4632251,1087,579,path,efbf367d-585c-4ccb-bd09-b0c78978bf23
1694350589.4642243,1087,579,path,efbf367d-585c-4ccb-bd09-b0c78978bf23
1694350589.4652243,1089,579,path,efbf367d-585c-4ccb-bd09-b0c78978bf23
1694350589.4662244,1089,579,path,efbf367d-585c-4ccb-bd09-b0c78978bf23
1694350589.4672246,1090,579,path,efbf367d-585c-4ccb-bd09-b0c78978bf23
1694350589.4682245,1091,579,path,efbf367d-585c-4ccb-bd09-b0c78978bf23
1694350589.469225,1091,578,path,efbf367d-585c-4ccb-bd09-b0c78978bf23
1694350589.470225,1092,578,path,efbf367d-585c-4ccb-bd09-b0c78978bf23
1694350589.4712262,1093,578,path,efbf367d-585c-4ccb-bd09-b0c78978bf23
1694350589.4722254,1094,578,path,efbf367d-585c-4ccb-bd09-b0c78978bf23
1694350589.4732263,1094,578,path,efbf367d-585c-4ccb-bd09-b0c78978bf23
1694350589.4742262,1096,578,path,efbf367d-585c-4ccb-bd09-b0c78978bf23
1694350589.4752264,1096,578,path,efbf367d-585c-4ccb-bd09-b0c78978bf23
1694350589.476227,1097,578,path,efbf367d-585c-4ccb-bd09-b0c78978bf23
1694350589.477227,1097,578,path,efbf367d-585c-4ccb-bd09-b0c78978bf23
1694350589.4782271,1098,578,path,efbf367d-585c-4ccb-bd09-b0c78978bf23
1694350589.479228,1099,578,path,efbf367d-585c-4ccb-bd09-b0c78978bf23
1694350589.4802275,1100,578,path,efbf367d-585c-4ccb-bd09-b0c78978bf23
1694350589.4812279,1100,578,path,efbf367d-585c-4ccb-bd09-b0c78978bf23
1694350589.4822288,1101,578,path,efbf367d-585c-4ccb-bd09-b0c78978bf23
1694350589.483228,1102,577,path,efbf367d-585c-4ccb-bd09-b0c78978bf23
1694350589.484229,1103,577,path,efbf367d-585c-4ccb-bd09-b0c78978bf23
1694350589.4852288,1103,577,path,efbf367d-585c-4ccb-bd09-b0c78978bf23
1694350589.486229,1104,577,path,efbf367d-585c-4ccb-bd09-b0c78978bf23
1694350589.4872293,1104,577,path,efbf367d-585c-4ccb-bd09-b0c78978bf23
1694350589.48823,1105,576,path,efbf367d-585c-4ccb-bd09-b0c78978bf23
1694350589.4892304,1105,576,path,efbf367d-585c-4ccb-bd09-b0c78978bf23
1694350589.49023,1107,576,path,efbf367d-585c-4ccb-bd09-b0c78978bf23
1694350589.4912302,1107,576,path,efbf367d-585c-4ccb-bd09-b0c78978bf23
1694350589.4922316,1108,576,path,efbf367d-585c-4ccb-bd09-b0c78978bf23
1694350589.4932308,1108,576,path,efbf367d-585c-4ccb-bd09-b0c78978bf23
1694350589.4952312,1110,576,path,efbf367d-585c-4ccb-bd09-b0c78978bf23
1694350589.496231,1110,576,path,efbf367d-585c-4ccb-bd09-b0c78978bf23
1694350589.4982316,1111,575,path,efbf367d-585c-4ccb-bd09-b0c78978bf23
1694350589.4992318,1111,575,path,efbf367d-585c-4ccb-bd09-b0c78978bf23
1694350589.5002322,1112,575,path,efbf367d-585c-4ccb-bd09-b0c78978bf23
1694350589.5012326,1112,575,path,efbf367d-585c-4ccb-bd09-b0c78978bf23
1694350589.5032332,1113,575,path,efbf367d-585c-4ccb-bd09-b0c78978bf23
1694350589.504233,1114,575,path,efbf367d-585c-4ccb-bd09-b0c78978bf23
1694350589.5052335,1114,575,path,efbf367d-585c-4ccb-bd09-b0c78978bf23
1694350589.5072339,1115,574,path,efbf367d-585c-4ccb-bd09-b0c78978bf23
1694350589.5092342,1115,574,path,efbf367d-585c-4ccb-bd09-b0c78978bf23
1694350589.511235,1116,574,path,efbf367d-585c-4ccb-bd09-b0c78978bf23
1694350589.5122344,1116,574,path,efbf367d-585c-4ccb-bd09-b0c78978bf23
1694350589.5152354,1117,574,path,efbf367d-585c-4ccb-bd09-b0c78978bf23
1694350589.517236,1118,573,path,efbf367d-585c-4ccb-bd09-b0c78978bf23
1694350589.520237,1118,573,path,efbf367d-585c-4ccb-bd09-b0c78978bf23
1694350589.524239,1118,572,path,efbf367d-585c-4ccb-bd09-b0c78978bf23
1694350589.5252376,1119,572,path,efbf367d-585c-4ccb-bd09-b0c78978bf23
1694350589.537241,903,313,end,efbf367d-585c-4ccb-bd09-b0c78978bf23
1694350589.6572676,1119,572,start,72fb9ddd-22b1-436a-84dd-e923da58cd7a
1694350589.673271,1119,572,path,72fb9ddd-22b1-436a-84dd-e923da58cd7a
1694350589.6772783,1119,573,path,72fb9ddd-22b1-436a-84dd-e923da58cd7a
1694350589.6802723,1119,573,path,72fb9ddd-22b1-436a-84dd-e923da58cd7a
1694350589.682273,1119,574,path,72fb9ddd-22b1-436a-84dd-e923da58cd7a
1694350589.6842742,1119,574,path,72fb9ddd-22b1-436a-84dd-e923da58cd7a
1694350589.6862738,1119,575,path,72fb9ddd-22b1-436a-84dd-e923da58cd7a
1694350589.6882741,1119,575,path,72fb9ddd-22b1-436a-84dd-e923da58cd7a
1694350589.6902747,1119,576,path,72fb9ddd-22b1-436a-84dd-e923da58cd7a
1694350589.6912751,1119,577,path,72fb9ddd-22b1-436a-84dd-e923da58cd7a
1694350589.6932755,1119,577,path,72fb9ddd-22b1-436a-84dd-e923da58cd7a
1694350589.6942754,1119,578,path,72fb9ddd-22b1-436a-84dd-e923da58cd7a
1694350589.696277,1119,578,path,72fb9ddd-22b1-436a-84dd-e923da58cd7a
1694350589.6972764,1119,579,path,72fb9ddd-22b1-436a-84dd-e923da58cd7a
1694350589.6982768,1119,579,path,72fb9ddd-22b1-436a-84dd-e923da58cd7a
1694350589.7002764,1120,581,path,72fb9ddd-22b1-436a-84dd-e923da58cd7a
1694350589.7012777,1120,582,path,72fb9ddd-22b1-436a-84dd-e923da58cd7a
1694350589.7022805,1120,582,path,72fb9ddd-22b1-436a-84dd-e923da58cd7a
1694350589.7032776,1120,583,path,72fb9ddd-22b1-436a-84dd-e923da58cd7a
1694350589.7042782,1120,584,path,72fb9ddd-22b1-436a-84dd-e923da58cd7a
1694350589.705278,1120,584,path,72fb9ddd-22b1-436a-84dd-e923da58cd7a
1694350589.706278,1121,585,path,72fb9ddd-22b1-436a-84dd-e923da58cd7a
1694350589.7072785,1122,585,path,72fb9ddd-22b1-436a-84dd-e923da58cd7a
1694350589.708279,1122,587,path,72fb9ddd-22b1-436a-84dd-e923da58cd7a
1694350589.7092812,1122,587,path,72fb9ddd-22b1-436a-84dd-e923da58cd7a
1694350589.7102795,1123,588,path,72fb9ddd-22b1-436a-84dd-e923da58cd7a
1694350589.711279,1123,588,path,72fb9ddd-22b1-436a-84dd-e923da58cd7a
1694350589.7122793,1123,589,path,72fb9ddd-22b1-436a-84dd-e923da58cd7a
1694350589.7132795,1124,590,path,72fb9ddd-22b1-436a-84dd-e923da58cd7a
1694350589.7142801,1124,591,path,72fb9ddd-22b1-436a-84dd-e923da58cd7a
1694350589.715281,1126,591,path,72fb9ddd-22b1-436a-84dd-e923da58cd7a
1694350589.7162805,1126,592,path,72fb9ddd-22b1-436a-84dd-e923da58cd7a
1694350589.7172813,1127,593,path,72fb9ddd-22b1-436a-84dd-e923da58cd7a
1694350589.718281,1128,594,path,72fb9ddd-22b1-436a-84dd-e923da58cd7a
1694350589.7192817,1130,595,path,72fb9ddd-22b1-436a-84dd-e923da58cd7a
1694350589.7202814,1131,596,path,72fb9ddd-22b1-436a-84dd-e923da58cd7a
1694350589.7212815,1132,597,path,72fb9ddd-22b1-436a-84dd-e923da58cd7a
1694350589.7222817,1133,598,path,72fb9ddd-22b1-436a-84dd-e923da58cd7a
1694350589.7232826,1135,599,path,72fb9ddd-22b1-436a-84dd-e923da58cd7a
1694350589.7242827,1136,599,path,72fb9ddd-22b1-436a-84dd-e923da58cd7a
1694350589.7252822,1138,601,path,72fb9ddd-22b1-436a-84dd-e923da58cd7a
1694350589.7262826,1139,601,path,72fb9ddd-22b1-436a-84dd-e923da58cd7a
1694350589.7272828,1141,602,path,72fb9ddd-22b1-436a-84dd-e923da58cd7a
1694350589.7282834,1144,603,path,72fb9ddd-22b1-436a-84dd-e923da58cd7a
1694350589.729283,1146,604,path,72fb9ddd-22b1-436a-84dd-e923da58cd7a
1694350589.7302837,1148,606,path,72fb9ddd-22b1-436a-84dd-e923da58cd7a
1694350589.731284,1150,606,path,72fb9ddd-22b1-436a-84dd-e923da58cd7a
1694350589.7322838,1151,607,path,72fb9ddd-22b1-436a-84dd-e923da58cd7a
1694350589.7332842,1154,608,path,72fb9ddd-22b1-436a-84dd-e923da58cd7a
1694350589.734284,1158,610,path,72fb9ddd-22b1-436a-84dd-e923da58cd7a
1694350589.735285,1161,611,path,72fb9ddd-22b1-436a-84dd-e923da58cd7a
1694350589.7362847,1164,612,path,72fb9ddd-22b1-436a-84dd-e923da58cd7a
1694350589.7372851,1167,613,path,72fb9ddd-22b1-436a-84dd-e923da58cd7a
1694350589.738286,1171,615,path,72fb9ddd-22b1-436a-84dd-e923da58cd7a
1694350589.739286,1177,617,path,72fb9ddd-22b1-436a-84dd-e923da58cd7a
1694350589.7402856,1181,619,path,72fb9ddd-22b1-436a-84dd-e923da58cd7a
1694350589.7412865,1186,620,path,72fb9ddd-22b1-436a-84dd-e923da58cd7a
1694350589.742286,1186,620,path,72fb9ddd-22b1-436a-84dd-e923da58cd7a
1694350589.7432864,1192,622,path,72fb9ddd-22b1-436a-84dd-e923da58cd7a
1694350589.7442868,1195,623,path,72fb9ddd-22b1-436a-84dd-e923da58cd7a
1694350589.7452867,1199,624,path,72fb9ddd-22b1-436a-84dd-e923da58cd7a
1694350589.7462869,1208,626,path,72fb9ddd-22b1-436a-84dd-e923da58cd7a
1694350589.7472882,1213,628,path,72fb9ddd-22b1-436a-84dd-e923da58cd7a
1694350589.7482874,1217,629,path,72fb9ddd-22b1-436a-84dd-e923da58cd7a
1694350589.749288,1221,630,path,72fb9ddd-22b1-436a-84dd-e923da58cd7a
1694350589.7502894,1227,632,path,72fb9ddd-22b1-436a-84dd-e923da58cd7a
1694350589.7512884,1235,633,path,72fb9ddd-22b1-436a-84dd-e923da58cd7a
1694350589.752289,1237,634,path,72fb9ddd-22b1-436a-84dd-e923da58cd7a
1694350589.7532887,1240,634,path,72fb9ddd-22b1-436a-84dd-e923da58cd7a
1694350589.754289,1250,637,path,72fb9ddd-22b1-436a-84dd-e923da58cd7a
1694350589.755289,1256,638,path,72fb9ddd-22b1-436a-84dd-e923da58cd7a
1694350589.7562897,1261,640,path,72fb9ddd-22b1-436a-84dd-e923da58cd7a
1694350589.7572896,1267,641,path,72fb9ddd-22b1-436a-84dd-e923da58cd7a
1694350589.7582898,1274,643,path,72fb9ddd-22b1-436a-84dd-e923da58cd7a
1694350589.7592902,1278,644,path,72fb9ddd-22b1-436a-84dd-e923da58cd7a
1694350589.7602906,1282,645,path,72fb9ddd-22b1-436a-84dd-e923da58cd7a
1694350589.7612908,1290,646,path,72fb9ddd-22b1-436a-84dd-e923da58cd7a
1694350589.7622905,1295,648,path,72fb9ddd-22b1-436a-84dd-e923da58cd7a
1694350589.7632911,1299,648,path,72fb9ddd-22b1-436a-84dd-e923da58cd7a
1694350589.7642915,1309,651,path,72fb9ddd-22b1-436a-84dd-e923da58cd7a
1694350589.7652915,1316,652,path,72fb9ddd-22b1-436a-84dd-e923da58cd7a
1694350589.7662916,1323,654,path,72fb9ddd-22b1-436a-84dd-e923da58cd7a
1694350589.7672915,1328,654,path,72fb9ddd-22b1-436a-84dd-e923da58cd7a
1694350589.768292,1332,655,path,72fb9ddd-22b1-436a-84dd-e923da58cd7a
1694350589.769293,1340,657,path,72fb9ddd-22b1-436a-84dd-e923da58cd7a
1694350589.7702925,1345,658,path,72fb9ddd-22b1-436a-84dd-e923da58cd7a
1694350589.7712927,1348,659,path,72fb9ddd-22b1-436a-84dd-e923da58cd7a
1694350589.7722929,1356,661,path,72fb9ddd-22b1-436a-84dd-e923da58cd7a
1694350589.7732928,1361,662,path,72fb9ddd-22b1-436a-84dd-e923da58cd7a
1694350589.7742937,1364,663,path,72fb9ddd-22b1-436a-84dd-e923da58cd7a
1694350589.7752936,1374,665,path,72fb9ddd-22b1-436a-84dd-e923da58cd7a
1694350589.7762942,1380,667,path,72fb9ddd-22b1-436a-84dd-e923da58cd7a
1694350589.7772944,1384,668,path,72fb9ddd-22b1-436a-84dd-e923da58cd7a
1694350589.778294,1386,668,path,72fb9ddd-22b1-436a-84dd-e923da58cd7a
1694350589.7792947,1390,669,path,72fb9ddd-22b1-436a-84dd-e923da58cd7a
1694350589.7802954,1396,671,path,72fb9ddd-22b1-436a-84dd-e923da58cd7a
1694350589.781301,1400,673,path,72fb9ddd-22b1-436a-84dd-e923da58cd7a
1694350589.782295,1407,674,path,72fb9ddd-22b1-436a-84dd-e923da58cd7a
1694350589.7832963,1411,676,path,72fb9ddd-22b1-436a-84dd-e923da58cd7a
1694350589.7842958,1415,676,path,72fb9ddd-22b1-436a-84dd-e923da58cd7a
1694350589.7852962,1416,677,path,72fb9ddd-22b1-436a-84dd-e923da58cd7a
1694350589.7862968,1419,678,path,72fb9ddd-22b1-436a-84dd-e923da58cd7a
1694350589.7872963,1425,680,path,72fb9ddd-22b1-436a-84dd-e923da58cd7a
1694350589.7882967,1428,681,path,72fb9ddd-22b1-436a-84dd-e923da58cd7a
1694350589.7892978,1431,682,path,72fb9ddd-22b1-436a-84dd-e923da58cd7a
1694350589.790297,1433,683,path,72fb9ddd-22b1-436a-84dd-e923da58cd7a
1694350589.7912982,1439,685,path,72fb9ddd-22b1-436a-84dd-e923da58cd7a
1694350589.7922983,1440,685,path,72fb9ddd-22b1-436a-84dd-e923da58cd7a
1694350589.793298,1442,687,path,72fb9ddd-22b1-436a-84dd-e923da58cd7a
1694350589.7942986,1446,688,path,72fb9ddd-22b1-436a-84dd-e923da58cd7a
1694350589.7952993,1450,690,path,72fb9ddd-22b1-436a-84dd-e923da58cd7a
1694350589.7962995,1452,692,path,72fb9ddd-22b1-436a-84dd-e923da58cd7a
1694350589.797299,1456,694,path,72fb9ddd-22b1-436a-84dd-e923da58cd7a
1694350589.7982988,1457,694,path,72fb9ddd-22b1-436a-84dd-e923da58cd7a
1694350589.799299,1459,696,path,72fb9ddd-22b1-436a-84dd-e923da58cd7a
1694350589.800301,1462,697,path,72fb9ddd-22b1-436a-84dd-e923da58cd7a
1694350589.8012998,1466,700,path,72fb9ddd-22b1-436a-84dd-e923da58cd7a
1694350589.8022995,1468,701,path,72fb9ddd-22b1-436a-84dd-e923da58cd7a
1694350589.8033001,1470,704,path,72fb9ddd-22b1-436a-84dd-e923da58cd7a
1694350589.8043003,1471,704,path,72fb9ddd-22b1-436a-84dd-e923da58cd7a
1694350589.8053005,1473,706,path,72fb9ddd-22b1-436a-84dd-e923da58cd7a
1694350589.8063004,1475,707,path,72fb9ddd-22b1-436a-84dd-e923da58cd7a
1694350589.807301,1479,710,path,72fb9ddd-22b1-436a-84dd-e923da58cd7a
1694350589.8083012,1481,712,path,72fb9ddd-22b1-436a-84dd-e923da58cd7a
1694350589.8093016,1483,714,path,72fb9ddd-22b1-436a-84dd-e923da58cd7a
1694350589.8103015,1485,716,path,72fb9ddd-22b1-436a-84dd-e923da58cd7a
1694350589.811302,1486,716,path,72fb9ddd-22b1-436a-84dd-e923da58cd7a
1694350589.8123026,1488,719,path,72fb9ddd-22b1-436a-84dd-e923da58cd7a
1694350589.8133023,1490,720,path,72fb9ddd-22b1-436a-84dd-e923da58cd7a
1694350589.8143022,1493,724,path,72fb9ddd-22b1-436a-84dd-e923da58cd7a
1694350589.8153026,1495,725,path,72fb9ddd-22b1-436a-84dd-e923da58cd7a
1694350589.816303,1497,727,path,72fb9ddd-22b1-436a-84dd-e923da58cd7a
1694350589.8173027,1498,728,path,72fb9ddd-22b1-436a-84dd-e923da58cd7a
1694350589.8183036,1500,730,path,72fb9ddd-22b1-436a-84dd-e923da58cd7a
1694350589.8193035,1503,734,path,72fb9ddd-22b1-436a-84dd-e923da58cd7a
1694350589.8203037,1505,736,path,72fb9ddd-22b1-436a-84dd-e923da58cd7a
1694350589.8213036,1507,737,path,72fb9ddd-22b1-436a-84dd-e923da58cd7a
1694350589.8223042,1507,739,path,72fb9ddd-22b1-436a-84dd-e923da58cd7a
1694350589.8233051,1509,741,path,72fb9ddd-22b1-436a-84dd-e923da58cd7a
1694350589.824305,1512,743,path,72fb9ddd-22b1-436a-84dd-e923da58cd7a
1694350589.8253047,1514,746,path,72fb9ddd-22b1-436a-84dd-e923da58cd7a
1694350589.826305,1515,748,path,72fb9ddd-22b1-436a-84dd-e923da58cd7a
1694350589.8273072,1517,749,path,72fb9ddd-22b1-436a-84dd-e923da58cd7a
1694350589.8283055,1518,752,path,72fb9ddd-22b1-436a-84dd-e923da58cd7a
1694350589.829306,1519,754,path,72fb9ddd-22b1-436a-84dd-e923da58cd7a
1694350589.8303058,1520,756,path,72fb9ddd-22b1-436a-84dd-e923da58cd7a
1694350589.831306,1522,757,path,72fb9ddd-22b1-436a-84dd-e923da58cd7a
1694350589.8323066,1522,759,path,72fb9ddd-22b1-436a-84dd-e923da58cd7a
1694350589.8333066,1524,761,path,72fb9ddd-22b1-436a-84dd-e923da58cd7a
1694350589.8343067,1525,762,path,72fb9ddd-22b1-436a-84dd-e923da58cd7a
1694350589.8353071,1526,765,path,72fb9ddd-22b1-436a-84dd-e923da58cd7a
1694350589.836307,1527,766,path,72fb9ddd-22b1-436a-84dd-e923da58cd7a
1694350589.8373072,1528,767,path,72fb9ddd-22b1-436a-84dd-e923da58cd7a
1694350589.8383074,1528,769,path,72fb9ddd-22b1-436a-84dd-e923da58cd7a
1694350589.839308,1529,770,path,72fb9ddd-22b1-436a-84dd-e923da58cd7a
1694350589.8403082,1530,772,path,72fb9ddd-22b1-436a-84dd-e923da58cd7a
1694350589.841308,1531,773,path,72fb9ddd-22b1-436a-84dd-e923da58cd7a
1694350589.8423088,1532,775,path,72fb9ddd-22b1-436a-84dd-e923da58cd7a
1694350589.8433096,1532,776,path,72fb9ddd-22b1-436a-84dd-e923da58cd7a
1694350589.8443096,1533,777,path,72fb9ddd-22b1-436a-84dd-e923da58cd7a
1694350589.845309,1533,778,path,72fb9ddd-22b1-436a-84dd-e923da58cd7a
1694350589.8463094,1534,780,path,72fb9ddd-22b1-436a-84dd-e923da58cd7a
1694350589.8473098,1534,781,path,72fb9ddd-22b1-436a-84dd-e923da58cd7a
1694350589.8483102,1535,781,path,72fb9ddd-22b1-436a-84dd-e923da58cd7a
1694350589.8493104,1535,783,path,72fb9ddd-22b1-436a-84dd-e923da58cd7a
1694350589.8503106,1536,784,path,72fb9ddd-22b1-436a-84dd-e923da58cd7a
1694350589.8513112,1536,785,path,72fb9ddd-22b1-436a-84dd-e923da58cd7a
1694350589.8523114,1536,786,path,72fb9ddd-22b1-436a-84dd-e923da58cd7a
1694350589.8533113,1536,786,path,72fb9ddd-22b1-436a-84dd-e923da58cd7a
1694350589.8543117,1537,787,path,72fb9ddd-22b1-436a-84dd-e923da58cd7a
1694350589.8553116,1537,788,path,72fb9ddd-22b1-436a-84dd-e923da58cd7a
1694350589.8573117,1537,790,path,72fb9ddd-22b1-436a-84dd-e923da58cd7a
1694350589.8583121,1537,790,path,72fb9ddd-22b1-436a-84dd-e923da58cd7a
1694350589.8593123,1537,791,path,72fb9ddd-22b1-436a-84dd-e923da58cd7a
1694350589.8613133,1537,791,path,72fb9ddd-22b1-436a-84dd-e923da58cd7a
1694350589.862313,1537,792,path,72fb9ddd-22b1-436a-84dd-e923da58cd7a
1694350589.8633134,1538,792,path,72fb9ddd-22b1-436a-84dd-e923da58cd7a
1694350589.8643136,1538,793,path,72fb9ddd-22b1-436a-84dd-e923da58cd7a
1694350589.8653138,1538,794,path,72fb9ddd-22b1-436a-84dd-e923da58cd7a
1694350589.866314,1538,794,path,72fb9ddd-22b1-436a-84dd-e923da58cd7a
1694350589.8683143,1538,795,path,72fb9ddd-22b1-436a-84dd-e923da58cd7a
1694350589.869315,1538,795,path,72fb9ddd-22b1-436a-84dd-e923da58cd7a
1694350589.8703167,1538,796,path,72fb9ddd-22b1-436a-84dd-e923da58cd7a
1694350589.8723161,1538,796,path,72fb9ddd-22b1-436a-84dd-e923da58cd7a
1694350589.874316,1538,797,path,72fb9ddd-22b1-436a-84dd-e923da58cd7a
1694350589.8763163,1538,798,path,72fb9ddd-22b1-436a-84dd-e923da58cd7a
1694350589.877316,1538,798,path,72fb9ddd-22b1-436a-84dd-e923da58cd7a
1694350589.878318,1538,798,path,72fb9ddd-22b1-436a-84dd-e923da58cd7a
1694350589.8813171,1538,799,path,72fb9ddd-22b1-436a-84dd-e923da58cd7a
1694350589.8823175,1538,799,path,72fb9ddd-22b1-436a-84dd-e923da58cd7a
1694350589.8843179,1538,799,path,72fb9ddd-22b1-436a-84dd-e923da58cd7a
1694350589.8873188,1537,800,path,72fb9ddd-22b1-436a-84dd-e923da58cd7a
1694350589.890319,1537,800,path,72fb9ddd-22b1-436a-84dd-e923da58cd7a
1694350589.8923216,1537,800,path,72fb9ddd-22b1-436a-84dd-e923da58cd7a
1694350589.895322,1536,801,path,72fb9ddd-22b1-436a-84dd-e923da58cd7a
1694350589.8983214,1536,801,path,72fb9ddd-22b1-436a-84dd-e923da58cd7a
1694350589.899322,1536,802,path,72fb9ddd-22b1-436a-84dd-e923da58cd7a
1694350589.9023223,1535,802,path,72fb9ddd-22b1-436a-84dd-e923da58cd7a
1694350589.9043229,1535,802,path,72fb9ddd-22b1-436a-84dd-e923da58cd7a
1694350589.9083235,1534,803,path,72fb9ddd-22b1-436a-84dd-e923da58cd7a
1694350589.9133248,1534,803,path,72fb9ddd-22b1-436a-84dd-e923da58cd7a
1694350589.9193256,1534,804,path,72fb9ddd-22b1-436a-84dd-e923da58cd7a
1694350589.930328,1534,804,path,72fb9ddd-22b1-436a-84dd-e923da58cd7a
1694350589.9503329,1534,805,path,72fb9ddd-22b1-436a-84dd-e923da58cd7a
1694350589.9553342,1534,806,path,72fb9ddd-22b1-436a-84dd-e923da58cd7a
1694350589.9593346,1534,806,path,72fb9ddd-22b1-436a-84dd-e923da58cd7a
1694350589.9623373,1534,807,path,72fb9ddd-22b1-436a-84dd-e923da58cd7a
1694350589.965336,1534,807,path,72fb9ddd-22b1-436a-84dd-e923da58cd7a
1694350589.9673362,1534,808,path,72fb9ddd-22b1-436a-84dd-e923da58cd7a
1694350589.9703374,1534,808,path,72fb9ddd-22b1-436a-84dd-e923da58cd7a
1694350589.9713376,1534,809,path,72fb9ddd-22b1-436a-84dd-e923da58cd7a
1694350589.9733384,1534,810,path,72fb9ddd-22b1-436a-84dd-e923da58cd7a
1694350589.9753385,1534,810,path,72fb9ddd-22b1-436a-84dd-e923da58cd7a
1694350589.9763389,1534,811,path,72fb9ddd-22b1-436a-84dd-e923da58cd7a
1694350589.9773386,1535,811,path,72fb9ddd-22b1-436a-84dd-e923da58cd7a
1694350589.9793394,1535,811,path,72fb9ddd-22b1-436a-84dd-e923da58cd7a
1694350589.980339,1535,812,path,72fb9ddd-22b1-436a-84dd-e923da58cd7a
1694350589.9813395,1535,812,path,72fb9ddd-22b1-436a-84dd-e923da58cd7a
1694350589.9833403,1535,813,path,72fb9ddd-22b1-436a-84dd-e923da58cd7a
1694350589.9853406,1535,813,path,72fb9ddd-22b1-436a-84dd-e923da58cd7a
1694350589.9863408,1535,814,path,72fb9ddd-22b1-436a-84dd-e923da58cd7a
1694350589.988343,1535,815,path,72fb9ddd-22b1-436a-84dd-e923da58cd7a
1694350589.9893415,1535,815,path,72fb9ddd-22b1-436a-84dd-e923da58cd7a
1694350589.9913433,1535,816,path,72fb9ddd-22b1-436a-84dd-e923da58cd7a
1694350589.9923422,1535,816,path,72fb9ddd-22b1-436a-84dd-e923da58cd7a
1694350589.9943426,1535,817,path,72fb9ddd-22b1-436a-84dd-e923da58cd7a
1694350589.9953432,1536,817,path,72fb9ddd-22b1-436a-84dd-e923da58cd7a
1694350589.997343,1536,818,path,72fb9ddd-22b1-436a-84dd-e923da58cd7a
1694350589.9993443,1536,819,path,72fb9ddd-22b1-436a-84dd-e923da58cd7a
1694350590.0003443,1536,819,path,72fb9ddd-22b1-436a-84dd-e923da58cd7a
1694350590.0023446,1536,820,path,72fb9ddd-22b1-436a-84dd-e923da58cd7a
1694350590.0043454,1536,821,path,72fb9ddd-22b1-436a-84dd-e923da58cd7a
1694350590.0063453,1536,822,path,72fb9ddd-22b1-436a-84dd-e923da58cd7a
1694350590.0083456,1536,822,path,72fb9ddd-22b1-436a-84dd-e923da58cd7a
1694350590.010346,1536,823,path,72fb9ddd-22b1-436a-84dd-e923da58cd7a
1694350590.012347,1536,823,path,72fb9ddd-22b1-436a-84dd-e923da58cd7a
1694350590.0143476,1536,824,path,72fb9ddd-22b1-436a-84dd-e923da58cd7a
1694350590.0153477,1536,824,path,72fb9ddd-22b1-436a-84dd-e923da58cd7a
1694350590.0183477,1536,825,path,72fb9ddd-22b1-436a-84dd-e923da58cd7a
1694350590.0193486,1536,826,path,72fb9ddd-22b1-436a-84dd-e923da58cd7a
1694350590.0223496,1536,826,path,72fb9ddd-22b1-436a-84dd-e923da58cd7a
1694350590.023349,1536,826,path,72fb9ddd-22b1-436a-84dd-e923da58cd7a
1694350590.0243495,1536,827,path,72fb9ddd-22b1-436a-84dd-e923da58cd7a
1694350590.0263498,1536,827,path,72fb9ddd-22b1-436a-84dd-e923da58cd7a
1694350590.0293508,1536,828,path,72fb9ddd-22b1-436a-84dd-e923da58cd7a
1694350590.0313509,1536,828,path,72fb9ddd-22b1-436a-84dd-e923da58cd7a
1694350590.0323513,1536,829,path,72fb9ddd-22b1-436a-84dd-e923da58cd7a
1694350590.0353518,1536,829,path,72fb9ddd-22b1-436a-84dd-e923da58cd7a
1694350590.036352,1535,829,path,72fb9ddd-22b1-436a-84dd-e923da58cd7a
1694350590.0373528,1535,830,path,72fb9ddd-22b1-436a-84dd-e923da58cd7a
1694350590.0393524,1535,831,path,72fb9ddd-22b1-436a-84dd-e923da58cd7a
1694350590.0423539,1535,831,path,72fb9ddd-22b1-436a-84dd-e923da58cd7a
1694350590.043353,1534,831,path,72fb9ddd-22b1-436a-84dd-e923da58cd7a
1694350590.0443573,1534,832,path,72fb9ddd-22b1-436a-84dd-e923da58cd7a
1694350590.0473547,1534,832,path,72fb9ddd-22b1-436a-84dd-e923da58cd7a
1694350590.0503547,1534,833,path,72fb9ddd-22b1-436a-84dd-e923da58cd7a
1694350590.0513554,1533,833,path,72fb9ddd-22b1-436a-84dd-e923da58cd7a
1694350590.052356,1533,833,path,72fb9ddd-22b1-436a-84dd-e923da58cd7a
1694350590.0553565,1533,834,path,72fb9ddd-22b1-436a-84dd-e923da58cd7a
1694350590.0563567,1533,834,path,72fb9ddd-22b1-436a-84dd-e923da58cd7a
1694350590.0573564,1533,835,path,72fb9ddd-22b1-436a-84dd-e923da58cd7a
1694350590.0603573,1532,835,path,72fb9ddd-22b1-436a-84dd-e923da58cd7a
1694350590.063358,1532,836,path,72fb9ddd-22b1-436a-84dd-e923da58cd7a
1694350590.0653584,1532,836,path,72fb9ddd-22b1-436a-84dd-e923da58cd7a
1694350590.0663586,1532,836,path,72fb9ddd-22b1-436a-84dd-e923da58cd7a
1694350590.0683591,1532,837,path,72fb9ddd-22b1-436a-84dd-e923da58cd7a
1694350590.0713606,1531,837,path,72fb9ddd-22b1-436a-84dd-e923da58cd7a
1694350590.0723605,1531,837,path,72fb9ddd-22b1-436a-84dd-e923da58cd7a
1694350590.076361,1531,838,path,72fb9ddd-22b1-436a-84dd-e923da58cd7a
1694350590.0773613,1530,838,path,72fb9ddd-22b1-436a-84dd-e923da58cd7a
1694350590.080362,1530,839,path,72fb9ddd-22b1-436a-84dd-e923da58cd7a
1694350590.0863638,1530,839,path,72fb9ddd-22b1-436a-84dd-e923da58cd7a
1694350590.087365,1530,839,path,72fb9ddd-22b1-436a-84dd-e923da58cd7a
1694350590.0883632,1314,580,end,72fb9ddd-22b1-436a-84dd-e923da58cd7a
